kinopoisk_id,url,name,full_name_rus,vote_date,vote
342,https://www.kinopoisk.ru/film/342/,Pulp Fiction,Криминальное чтиво (1994),15.10.2022,8
5930,https://www.kinopoisk.ru/film/5930/,Lost in Translation,Трудности перевода (2003),08.10.2022,7
428683,https://www.kinopoisk.ru/film/428683/,Army of the Dead,Армия мертвецов (2021),17.09.2022,7
857533,https://www.kinopoisk.ru/film/857533/,Mine,Мина (2016),09.09.2022,5
1301880,https://www.kinopoisk.ru/film/1301880/, ,Семейный бюджет (2021),06.09.2022,7
897725,https://www.kinopoisk.ru/film/897725/,Ghostbusters: Afterlife,Охотники за привидениями: Наследники (2021),27.08.2022,5
817969,https://www.kinopoisk.ru/film/817969/,Murder on the Orient Express,Убийство в Восточном экспрессе (2017),13.08.2022,7
1103803,https://www.kinopoisk.ru/film/1103803/,Death on the Nile,Смерть на Ниле (2020),13.08.2022,4
1047881,https://www.kinopoisk.ru/film/1047881/,The Professor,Во всё тяжкое (2018),13.08.2022,7
1108682,https://www.kinopoisk.ru/series/1108682/, ,"Эпидемия (сериал, 2018 – ...)",31.07.2022,7
1150547,https://www.kinopoisk.ru/film/1150547/,Gut gegen Nordwind,Любовь между строк (2019),23.07.2022,6
1008445,https://www.kinopoisk.ru/film/1008445/,Spider-Man: Far from Home,Человек-паук: Вдали от дома (2019),19.06.2022,6
1309570,https://www.kinopoisk.ru/film/1309570/,Spider-Man: No Way Home,Человек-паук: Нет пути домой (2021),18.06.2022,9
677893,https://www.kinopoisk.ru/film/677893/,The Intern,Стажёр (2015),11.06.2022,8
462482,https://www.kinopoisk.ru/film/462482/,The Ides of March,Мартовские иды (2011),21.05.2022,5
161094,https://www.kinopoisk.ru/film/161094/,The Invasion,Вторжение (2007),14.05.2022,4
781432,https://www.kinopoisk.ru/film/781432/, ,14+ (2015),01.05.2022,7
1355139,https://www.kinopoisk.ru/film/1355139/,Dog,Лулу и Бриггс (2021),25.04.2022,8
197532,https://www.kinopoisk.ru/film/197532/,Ex Machina,Из машины (2014),16.04.2022,7
1326397,https://www.kinopoisk.ru/film/1326397/, ,Батя (2020),15.04.2022,7
838043,https://www.kinopoisk.ru/film/838043/,The Visit,Визит (2015),09.04.2022,8
930000,https://www.kinopoisk.ru/film/930000/,Why Him?,Почему он? (2016),02.04.2022,7
458,https://www.kinopoisk.ru/film/458/,"Monsters, Inc.",Корпорация монстров (2001),26.03.2022,10
4542882,https://www.kinopoisk.ru/film/4542882/,The Weekend Away,Поездка на выходные (2022),07.03.2022,7
1238476,https://www.kinopoisk.ru/film/1238476/,Infinite,Бесконечность (2021),05.03.2022,3
661911,https://www.kinopoisk.ru/film/661911/,The Hunger Games: Mockingjay - Part 1,Голодные игры: Сойка-пересмешница. Часть I (2014),22.02.2022,5
1368311,https://www.kinopoisk.ru/film/1368311/,Boîte noire,Черный ящик (2020),20.02.2022,9
317,https://www.kinopoisk.ru/film/317/,Two Weeks Notice,Любовь с уведомлением (2002),14.02.2022,5
103734,https://www.kinopoisk.ru/film/103734/,Kung Fu Panda,Кунг-фу Панда (2008),13.02.2022,8
1282222,https://www.kinopoisk.ru/film/1282222/,The Hating Game,Мой любимый враг (2021),13.02.2022,5
321842,https://www.kinopoisk.ru/film/321842/,The Proposal,Предложение (2009),05.02.2022,5
1252962,https://www.kinopoisk.ru/film/1252962/, ,"Гудбай, Америка (2020)",29.01.2022,3
318,https://www.kinopoisk.ru/film/318/,The Italian Job,Ограбление по-итальянски (2003),28.01.2022,6
928391,https://www.kinopoisk.ru/film/928391/,The Girl on the Train,Девушка в поезде (2016),22.01.2022,8
1309596,https://www.kinopoisk.ru/film/1309596/,Nobody,Никто (2021),16.01.2022,10
86646,https://www.kinopoisk.ru/film/86646/,Failure to Launch,Любовь и прочие неприятности (2006),15.01.2022,6
1199100,https://www.kinopoisk.ru/film/1199100/,Free Guy,Главный герой (2021),14.01.2022,7
840372,https://www.kinopoisk.ru/film/840372/,Shazam!,Шазам! (2019),10.01.2022,6
1008477,https://www.kinopoisk.ru/film/1008477/,The Suicide Squad,Отряд самоубийц: Миссия навылет (2021),08.01.2022,7
1046969,https://www.kinopoisk.ru/film/1046969/,Wonder Woman 1984,Чудо-женщина: 1984 (2020),08.01.2022,3
1227967,https://www.kinopoisk.ru/film/1227967/,Venom: Let There Be Carnage,Веном 2 (2021),06.01.2022,3
48356,https://www.kinopoisk.ru/film/48356/,Harry Potter and the Order of the Phoenix,Гарри Поттер и Орден Феникса (2007),04.01.2022,8
322,https://www.kinopoisk.ru/film/322/,Harry Potter and the Prisoner of Azkaban,Гарри Поттер и узник Азкабана (2004),03.01.2022,8
8408,https://www.kinopoisk.ru/film/8408/,Harry Potter and the Goblet of Fire,Гарри Поттер и Кубок огня (2005),03.01.2022,9
688,https://www.kinopoisk.ru/film/688/,Harry Potter and the Chamber of Secrets,Гарри Поттер и Тайная комната (2002),02.01.2022,9
1338480,https://www.kinopoisk.ru/film/1338480/,Don't Look Up,Не смотрите наверх (2021),02.01.2022,8
4716622,https://www.kinopoisk.ru/film/4716622/,Harry Potter 20th Anniversary: Return to Hogwarts,Гарри Поттер 20 лет спустя: Возвращение в Хогвартс (2022),01.01.2022,8
1346996,https://www.kinopoisk.ru/film/1346996/,Christmas on Ice,Рождество на льду (2020),29.12.2021,5
6144,https://www.kinopoisk.ru/film/6144/,Love Actually,Реальная любовь (2003),25.12.2021,9
463070,https://www.kinopoisk.ru/film/463070/,Solace,Экстрасенсы (2014),18.12.2021,4
1423831,https://www.kinopoisk.ru/film/1423831/,A Castle for Christmas,Замок к Рождеству (2021),05.12.2021,5
1007921,https://www.kinopoisk.ru/film/1007921/,Life Itself,Сама жизнь (2018),27.11.2021,9
1115099,https://www.kinopoisk.ru/film/1115099/,Red Notice,Красное уведомление (2021),19.11.2021,6
1036188,https://www.kinopoisk.ru/film/1036188/,Unga Astrid,Быть Астрид Линдгрен (2018),16.11.2021,5
804662,https://www.kinopoisk.ru/film/804662/,Cruella,Круэлла (2021),16.11.2021,5
965936,https://www.kinopoisk.ru/film/965936/,Godzilla vs. Kong,Годзилла против Конга (2021),16.11.2021,3
1403664,https://www.kinopoisk.ru/film/1403664/,Army of Thieves,Армия воров (2021),06.11.2021,5
1179555,https://www.kinopoisk.ru/film/1179555/,Run,Взаперти (2020),03.11.2021,6
848894,https://www.kinopoisk.ru/film/848894/,En man som heter Ove,Вторая жизнь Уве (2015),03.11.2021,7
1301710,https://www.kinopoisk.ru/series/1301710/,Ojingeo geim,"Игра в кальмара (сериал, 2021 – ...)",16.10.2021,7
825,https://www.kinopoisk.ru/film/825/,Shadow of the Vampire,Тень вампира (2000),10.10.2021,7
1254059,https://www.kinopoisk.ru/film/1254059/, ,Доктор Лиза (2020),02.10.2021,8
468581,https://www.kinopoisk.ru/film/468581/,The Hunger Games,Голодные игры (2012),26.09.2021,7
409424,https://www.kinopoisk.ru/film/409424/,Dune: Part One,Дюна (2021),26.09.2021,7
1209777,https://www.kinopoisk.ru/film/1209777/,Persian Lessons,Уроки фарси (2020),24.09.2021,9
462606,https://www.kinopoisk.ru/film/462606/,Limitless,Области тьмы (2011),17.09.2021,7
1183599,https://www.kinopoisk.ru/film/1183599/, ,Огонь (2020),27.08.2021,6
21540,https://www.kinopoisk.ru/film/21540/,Walk the Line,Переступить черту (2005),14.08.2021,7
497233,https://www.kinopoisk.ru/film/497233/,This Means War,"Значит, война (2012)",08.08.2021,6
689,https://www.kinopoisk.ru/film/689/,Harry Potter and the Sorcerer's Stone,Гарри Поттер и философский камень (2001),01.08.2021,10
1060511,https://www.kinopoisk.ru/film/1060511/,The Call of the Wild,Зов предков (2020),10.07.2021,8
994864,https://www.kinopoisk.ru/film/994864/,Pokémon: Detective Pikachu,Покемон. Детектив Пикачу (2019),06.06.2021,4
1109271,https://www.kinopoisk.ru/film/1109271/, ,Майор Гром: Чумной Доктор (2021),21.05.2021,7
470191,https://www.kinopoisk.ru/film/470191/,The Art of Racing in the Rain,Невероятный мир глазами Энцо (2019),15.05.2021,10
1146252,https://www.kinopoisk.ru/film/1146252/,Pinocchio,Пиноккио (2019),14.05.2021,3
1080513,https://www.kinopoisk.ru/film/1080513/,Onward,Вперёд (2019),05.05.2021,7
1236567,https://www.kinopoisk.ru/film/1236567/,Promising Young Woman,"Девушка, подающая надежды (2020)",04.05.2021,8
1318972,https://www.kinopoisk.ru/film/1318972/,Wrath of Man,Гнев человеческий (2021),25.04.2021,6
463418,https://www.kinopoisk.ru/film/463418/,The Oranges,Любовный переплет (2012),23.04.2021,5
464573,https://www.kinopoisk.ru/film/464573/,Seeking a Friend for the End of the World,Ищу друга на конец света (2011),16.04.2021,3
739642,https://www.kinopoisk.ru/film/739642/,Everest,Эверест (2015),09.04.2021,9
893245,https://www.kinopoisk.ru/film/893245/,The Founder,Основатель (2016),03.04.2021,7
1117379,https://www.kinopoisk.ru/film/1117379/,Mon inconnue,Поменяться местами (2019),02.04.2021,7
1021046,https://www.kinopoisk.ru/film/1021046/,Les traducteurs,Переводчики (2019),28.03.2021,6
1236063,https://www.kinopoisk.ru/film/1236063/,Tenet,Довод (2020),26.03.2021,7
279880,https://www.kinopoisk.ru/film/279880/,Changeling,Подмена (2008),19.03.2021,7
6034,https://www.kinopoisk.ru/film/6034/,The Secret Life of Walter Mitty,Невероятная жизнь Уолтера Митти (2013),13.03.2021,8
1188248,https://www.kinopoisk.ru/film/1188248/, ,Калашников (2020),05.03.2021,5
195435,https://www.kinopoisk.ru/film/195435/,The Other Boleyn Girl,Еще одна из рода Болейн (2008),26.02.2021,7
1189859,https://www.kinopoisk.ru/film/1189859/, ,Неадекватные люди 2 (2020),20.02.2021,7
461799,https://www.kinopoisk.ru/film/461799/,Letters to Juliet,Письма к Джульетте (2010),14.02.2021,6
829368,https://www.kinopoisk.ru/film/829368/,The Walk,Прогулка (2015),14.02.2021,7
826373,https://www.kinopoisk.ru/film/826373/,Richard Jewell,Дело Ричарда Джуэлла (2019),29.01.2021,8
81873,https://www.kinopoisk.ru/film/81873/,Flightplan,Иллюзия полета (2005),15.01.2021,8
957887,https://www.kinopoisk.ru/film/957887/,Klaus,Клаус (2019),08.01.2021,9
2656,https://www.kinopoisk.ru/film/2656/,The Fifth Element,Пятый элемент (1997),27.12.2020,7
1395366,https://www.kinopoisk.ru/series/1395366/, ,"Игра на выживание (сериал, 2020 – ...)",25.12.2020,6
1108690,https://www.kinopoisk.ru/series/1108690/, ,"Перевал Дятлова (сериал, 2020)",19.12.2020,7
1199625,https://www.kinopoisk.ru/film/1199625/, ,Глубже! (2020),18.12.2020,7
926540,https://www.kinopoisk.ru/film/926540/,Mission: Impossible - Fallout,Миссия невыполнима: Последствия (2018),17.12.2020,6
420454,https://www.kinopoisk.ru/film/420454/,The Invisible Man,Человек-невидимка (2020),05.12.2020,7
678549,https://www.kinopoisk.ru/film/678549/,Mission: Impossible - Rogue Nation,Миссия невыполнима: Племя изгоев (2015),03.12.2020,8
823594,https://www.kinopoisk.ru/series/823594/,Forever,"Вечность (сериал, 2014 – 2015)",30.11.2020,8
737859,https://www.kinopoisk.ru/film/737859/,Game Night,Ночные игры (2018),27.11.2020,6
1263485,https://www.kinopoisk.ru/series/1263485/,Brave New World,"Дивный новый мир (сериал, 2020)",17.11.2020,5
472362,https://www.kinopoisk.ru/film/472362/,Mission: Impossible - Ghost Protocol,Миссия невыполнима: Протокол Фантом (2011),30.10.2020,7
9552,https://www.kinopoisk.ru/film/9552/,Mission: Impossible III,Миссия: невыполнима 3 (2006),22.10.2020,7
1167867,https://www.kinopoisk.ru/film/1167867/, ,Стрельцов (2020),20.10.2020,6
842913,https://www.kinopoisk.ru/film/842913/,Colonia,Колония Дигнидад (2015),16.10.2020,8
586399,https://www.kinopoisk.ru/film/586399/,Trance,Транс (2013),02.10.2020,5
437678,https://www.kinopoisk.ru/film/437678/,Dredd,Судья Дредд (2012),26.09.2020,7
1183824,https://www.kinopoisk.ru/series/1183824/,Living with Yourself,"Ужиться с самим собой (сериал, 2019)",25.09.2020,6
889091,https://www.kinopoisk.ru/film/889091/,Nerve,Нерв (2016),21.09.2020,6
3447,https://www.kinopoisk.ru/film/3447/,Mission: Impossible II,Миссия: невыполнима 2 (2000),19.09.2020,5
3961,https://www.kinopoisk.ru/film/3961/,Mission: Impossible,Миссия: невыполнима (1996),19.09.2020,9
1312007,https://www.kinopoisk.ru/series/1312007/, ,"Чики (сериал, 2020)",15.09.2020,9
455194,https://www.kinopoisk.ru/film/455194/,Prisoners,Пленницы (2013),04.09.2020,9
1121377,https://www.kinopoisk.ru/film/1121377/,100 Dinge,100 вещей и ничего лишнего (2018),02.09.2020,7
1291338,https://www.kinopoisk.ru/series/1291338/, ,"Ничего смешного (мини-сериал, 2018 – ...)",01.09.2020,10
428711,https://www.kinopoisk.ru/film/428711/,The Hustle,Отпетые мошенницы (2019),29.08.2020,4
1009784,https://www.kinopoisk.ru/film/1009784/,Upgrade,Апгрейд (2018),29.08.2020,7
591535,https://www.kinopoisk.ru/film/591535/,Zeroville,Зеровилль (2019),22.08.2020,1
663191,https://www.kinopoisk.ru/film/663191/,Grown Ups 2,Одноклассники 2 (2013),19.08.2020,1
450345,https://www.kinopoisk.ru/film/450345/,Grown Ups,Одноклассники (2010),16.08.2020,8
841152,https://www.kinopoisk.ru/film/841152/,The Nice Guys,Славные парни (2016),11.08.2020,6
645118,https://www.kinopoisk.ru/film/645118/,Inside Out,Головоломка (2015),08.08.2020,8
1277987,https://www.kinopoisk.ru/series/1277987/,Normal People,"Нормальные люди (мини-сериал, 2020)",05.08.2020,3
1065805,https://www.kinopoisk.ru/film/1065805/,Escape Room,Клаустрофобы (2019),02.08.2020,6
1338525,https://www.kinopoisk.ru/film/1338525/,Welcome to Chechnya,Добро пожаловать в Чечню (2020),12.07.2020,9
490323,https://www.kinopoisk.ru/film/490323/,Just Go with It,Притворись моей женой (2011),04.07.2020,6
1990,https://www.kinopoisk.ru/film/1990/,Point Break,На гребне волны (1991),25.06.2020,7
276598,https://www.kinopoisk.ru/film/276598/,Drive,Драйв (2011),25.06.2020,4
1236319,https://www.kinopoisk.ru/film/1236319/,Venise n'est pas en Italie,Венеция зовет (2019),24.06.2020,5
939411,https://www.kinopoisk.ru/film/939411/,Papillon,Мотылёк (2017),09.06.2020,7
638053,https://www.kinopoisk.ru/film/638053/,Foxcatcher,Охотник на лис (2014),09.06.2020,6
1005878,https://www.kinopoisk.ru/film/1005878/,The Lion King,Король Лев (2019),06.06.2020,6
484628,https://www.kinopoisk.ru/film/484628/,What Happened to Monday,Тайна 7 сестер (2017),29.05.2020,5
1174226,https://www.kinopoisk.ru/film/1174226/,21 Bridges,21 мост (2019),22.05.2020,6
959365,https://www.kinopoisk.ru/film/959365/,Contratiempo,Невидимый гость (2016),15.05.2020,9
501333,https://www.kinopoisk.ru/film/501333/,The Big Short,Игра на понижение (2015),08.05.2020,6
1070927,https://www.kinopoisk.ru/film/1070927/,Den skyldige,Виновный (2017),01.05.2020,8
980347,https://www.kinopoisk.ru/film/980347/,Breathe,Дыши ради нас (2017),24.04.2020,7
1188529,https://www.kinopoisk.ru/film/1188529/,Knives Out,Достать ножи (2019),17.04.2020,10
1356380,https://www.kinopoisk.ru/film/1356380/, ,Съесть слона (2020),14.04.2020,8
489414,https://www.kinopoisk.ru/film/489414/,Zombieland: Double Tap,Zомбилэнд: Контрольный выстрел (2019),10.04.2020,8
1143242,https://www.kinopoisk.ru/film/1143242/,The Gentlemen,Джентльмены (2019),05.04.2020,10
1134778,https://www.kinopoisk.ru/film/1134778/,El hoyo,Платформа (2019),29.03.2020,9
1047883,https://www.kinopoisk.ru/film/1047883/,Once Upon a Time in...  Hollywood,Однажды в… Голливуде (2019),20.03.2020,5
905031,https://www.kinopoisk.ru/film/905031/, ,Собибор (2018),22.02.2020,4
929027,https://www.kinopoisk.ru/film/929027/,Kursk,Курск (2018),08.02.2020,6
1171976,https://www.kinopoisk.ru/film/1171976/,1917,1917 (2019),05.02.2020,10
1115630,https://www.kinopoisk.ru/series/1115630/,You,"Ты (сериал, 2018 – ...)",01.02.2020,6
1047626,https://www.kinopoisk.ru/film/1047626/,A Rainy Day in New York,Дождливый день в Нью-Йорке (2019),05.01.2020,9
1046033,https://www.kinopoisk.ru/film/1046033/, ,Сторож (2019),04.01.2020,6
607031,https://www.kinopoisk.ru/film/607031/,Let It Snow,Пусть идёт снег (2019),02.01.2020,5
1169469,https://www.kinopoisk.ru/series/1169469/,Unbelievable,"Невозможно поверить (мини-сериал, 2019)",28.12.2019,10
686898,https://www.kinopoisk.ru/film/686898/,It Chapter Two,Оно 2 (2019),22.12.2019,3
1093170,https://www.kinopoisk.ru/film/1093170/,BlacKkKlansman,Черный клановец (2018),07.12.2019,6
1162846,https://www.kinopoisk.ru/film/1162846/, ,Бабушка лёгкого поведения 2. Престарелые мстители (2019),02.12.2019,2
839650,https://www.kinopoisk.ru/film/839650/,Incredibles 2,Суперсемейка 2 (2018),16.11.2019,8
463354,https://www.kinopoisk.ru/film/463354/,Looper,Петля времени (2012),03.11.2019,6
736206,https://www.kinopoisk.ru/film/736206/,Locke,Лок (2013),20.10.2019,7
1199596,https://www.kinopoisk.ru/film/1199596/,Brightburn,"Гори, гори ясно (2019)",19.10.2019,4
496,https://www.kinopoisk.ru/film/496/,Minority Report,Особое мнение (2002),13.10.2019,9
837552,https://www.kinopoisk.ru/film/837552/,American Made,Сделано в Америке (2017),05.10.2019,6
1048334,https://www.kinopoisk.ru/film/1048334/,Joker,Джокер (2019),04.10.2019,5
1007049,https://www.kinopoisk.ru/film/1007049/,Aladdin,Аладдин (2019),21.09.2019,5
993591,https://www.kinopoisk.ru/film/993591/, ,Завод (2018),16.09.2019,7
922029,https://www.kinopoisk.ru/film/922029/,The Goldfinch,Щегол (2019),13.09.2019,10
1044906,https://www.kinopoisk.ru/film/1044906/,A Quiet Place,Тихое место (2018),25.08.2019,4
1108577,https://www.kinopoisk.ru/film/1108577/,Green Book,Зеленая книга (2018),24.08.2019,9
3908,https://www.kinopoisk.ru/film/3908/,Bad Boys,Плохие парни (1995),23.08.2019,6
908691,https://www.kinopoisk.ru/film/908691/,Shaft,Шафт (2019),23.08.2019,5
88173,https://www.kinopoisk.ru/film/88173/,Alita: Battle Angel,Алита: Боевой ангел (2019),11.08.2019,7
1044601,https://www.kinopoisk.ru/film/1044601/,Glass,Стекло (2019),09.08.2019,9
976520,https://www.kinopoisk.ru/film/976520/,Set It Up,Подстава (2018),03.08.2019,5
1163897,https://www.kinopoisk.ru/film/1163897/,Kidnapping Stella,Похищая Стеллу (2019),23.07.2019,5
1219425,https://www.kinopoisk.ru/film/1219425/,Secret Obsession,Тайная одержимость (2019),21.07.2019,4
1043758,https://www.kinopoisk.ru/film/1043758/,Gisaengchung,Паразиты (2019),16.07.2019,10
761933,https://www.kinopoisk.ru/film/761933/,I Origins,Я – начало (2014),12.07.2019,10
1227803,https://www.kinopoisk.ru/series/1227803/,Chernobyl,"Чернобыль (мини-сериал, 2019)",09.07.2019,10
1154641,https://www.kinopoisk.ru/film/1154641/,The Perfect Date,Идеальный бойфренд (2019),06.07.2019,6
505995,https://www.kinopoisk.ru/film/505995/,Murder Mystery,Убийство на яхте (2019),06.07.2019,5
843479,https://www.kinopoisk.ru/film/843479/,Fantastic Beasts: The Crimes of Grindelwald,Фантастические твари: Преступления Грин-де-Вальда (2018),31.05.2019,5
1224066,https://www.kinopoisk.ru/series/1224066/, ,"Толя-робот (сериал, 2019)",30.05.2019,9
299,https://www.kinopoisk.ru/film/299/,The Matrix Reloaded,Матрица: Перезагрузка (2003),26.05.2019,8
301,https://www.kinopoisk.ru/film/301/,The Matrix,Матрица (1999),06.05.2019,9
1009413,https://www.kinopoisk.ru/film/1009413/, ,Лето (2018),04.05.2019,10
842408,https://www.kinopoisk.ru/series/842408/, ,"Лондонград. Знай наших (сериал, 2015)",02.05.2019,7
1254103,https://www.kinopoisk.ru/film/1254103/, ,Homecoming: A Film by Beyoncé (2019),18.04.2019,9
463634,https://www.kinopoisk.ru/film/463634/,Venom,Веном (2018),13.04.2019,5
942396,https://www.kinopoisk.ru/film/942396/,The House That Jack Built,"Дом, который построил Джек (2018)",07.04.2019,7
1040690,https://www.kinopoisk.ru/film/1040690/,Mid90s,Середина 90-х (2018),17.03.2019,10
1142619,https://www.kinopoisk.ru/film/1142619/, ,Громкая связь (2018),13.03.2019,3
894027,https://www.kinopoisk.ru/film/894027/,The Fate of the Furious,Форсаж 8 (2017),10.03.2019,7
568289,https://www.kinopoisk.ru/film/568289/,Bohemian Rhapsody,Богемская рапсодия (2018),04.03.2019,7
623744,https://www.kinopoisk.ru/film/623744/,Side Effects,Побочный эффект (2013),24.02.2019,9
463803,https://www.kinopoisk.ru/film/463803/,First Man,Человек на Луне (2018),09.02.2019,5
596274,https://www.kinopoisk.ru/film/596274/,A Walk Among the Tombstones,Прогулка среди могил (2014),08.02.2019,3
4250,https://www.kinopoisk.ru/film/4250/,Four Rooms,Четыре комнаты (1995),31.01.2019,7
1224670,https://www.kinopoisk.ru/film/1224670/,Black Mirror: Bandersnatch,Черное зеркало. Бандерснэтч (2018),31.01.2019,8
1047143,https://www.kinopoisk.ru/film/1047143/,Bad Times at the El Royale,Ничего хорошего в отеле «Эль Рояль» (2018),27.01.2019,10
474935,https://www.kinopoisk.ru/film/474935/,A Star Is Born,Звезда родилась (2018),26.01.2019,5
1074393,https://www.kinopoisk.ru/film/1074393/,Kajaani,Каяани (2017),18.01.2019,8
1176661,https://www.kinopoisk.ru/film/1176661/,Voyeur,Наблюдатель (2017),18.01.2019,7
1119439,https://www.kinopoisk.ru/film/1119439/,Tiikeri,Тигр (2018),18.01.2019,4
1147293,https://www.kinopoisk.ru/film/1147293/,A Swedish Classic,Шведская классика (2017),18.01.2019,7
1124657,https://www.kinopoisk.ru/film/1124657/, ,Juck (2018),18.01.2019,2
1104535,https://www.kinopoisk.ru/film/1104535/,Fuck You,Пошел ты (2018),18.01.2019,6
841518,https://www.kinopoisk.ru/film/841518/,Teenage Mutant Ninja Turtles: Out of the Shadows,Черепашки-ниндзя 2 (2016),12.01.2019,5
918087,https://www.kinopoisk.ru/film/918087/,Swiss Army Man,Человек – швейцарский нож (2016),11.01.2019,4
885316,https://www.kinopoisk.ru/film/885316/, ,Время первых (2017),10.01.2019,4
981230,https://www.kinopoisk.ru/film/981230/, ,Тренер (2018),09.01.2019,6
1045777,https://www.kinopoisk.ru/film/1045777/, ,Непрощенный (2018),09.01.2019,3
1049775,https://www.kinopoisk.ru/film/1049775/, ,Подбросы (2018),06.01.2019,2
586584,https://www.kinopoisk.ru/film/586584/,Seven Psychopaths,Семь психопатов (2012),05.01.2019,6
975249,https://www.kinopoisk.ru/film/975249/,Daddy's Home 2,"Здравствуй, папа, Новый год! 2 (2017)",04.01.2019,7
484428,https://www.kinopoisk.ru/film/484428/,Daddy's Home,"Здравствуй, папа, Новый год! (2015)",31.12.2018,7
944098,https://www.kinopoisk.ru/film/944098/,"Three Billboards Outside Ebbing, Missouri","Три билборда на границе Эббинга, Миссури (2017)",09.12.2018,8
981105,https://www.kinopoisk.ru/film/981105/, ,Бабушка лёгкого поведения (2017),08.12.2018,4
970196,https://www.kinopoisk.ru/film/970196/,Searching,Поиск (2018),23.11.2018,7
842037,https://www.kinopoisk.ru/film/842037/, ,Я худею (2018),18.11.2018,4
582358,https://www.kinopoisk.ru/series/582358/,13 Reasons Why,"13 причин почему (сериал, 2017 – 2020)",28.10.2018,8
893681,https://www.kinopoisk.ru/film/893681/, ,Черновик (2018),21.10.2018,2
979148,https://www.kinopoisk.ru/film/979148/,Call Me by Your Name,Назови меня своим именем (2017),20.10.2018,5
518040,https://www.kinopoisk.ru/film/518040/,The Dictator,Диктатор (2012),12.10.2018,2
958293,https://www.kinopoisk.ru/film/958293/,Lady Bird,Леди Бёрд (2017),01.10.2018,10
992605,https://www.kinopoisk.ru/film/992605/, ,Аритмия (2017),16.09.2018,5
909700,https://www.kinopoisk.ru/film/909700/, ,Как Витька Чеснок вёз Лёху Штыря в дом инвалидов (2017),01.09.2018,9
961715,https://www.kinopoisk.ru/film/961715/,Deadpool 2,Дэдпул 2 (2018),26.08.2018,9
950968,https://www.kinopoisk.ru/film/950968/,Hotel Transylvania 3: Summer Vacation,Монстры на каникулах 3: Море зовёт (2018),26.07.2018,5
705356,https://www.kinopoisk.ru/film/705356/, ,Левиафан (2014),15.07.2018,8
714564,https://www.kinopoisk.ru/film/714564/,Atomic Blonde,Взрывная блондинка (2017),22.06.2018,3
470173,https://www.kinopoisk.ru/film/470173/,The Greatest Showman,Величайший шоумен (2017),18.06.2018,3
538225,https://www.kinopoisk.ru/film/538225/,Ready Player One,Первому игроку приготовиться (2018),11.06.2018,10
797840,https://www.kinopoisk.ru/film/797840/,Fantastic Beasts and Where to Find Them,Фантастические твари и где они обитают (2016),01.06.2018,8
424994,https://www.kinopoisk.ru/film/424994/,Justice League,Лига справедливости (2017),30.04.2018,9
1006132,https://www.kinopoisk.ru/film/1006132/, ,Piter By (2016),24.03.2018,8
1111871,https://www.kinopoisk.ru/film/1111871/, ,Piter by Каста (2017),23.03.2018,6
925669,https://www.kinopoisk.ru/film/925669/,Perfetti sconosciuti,Идеальные незнакомцы (2015),13.03.2018,10
977743,https://www.kinopoisk.ru/film/977743/,The Shape of Water,Форма воды (2017),10.03.2018,8
453397,https://www.kinopoisk.ru/film/453397/,It,Оно (2017),08.03.2018,6
900052,https://www.kinopoisk.ru/film/900052/, ,Лёд (2017),24.02.2018,2
884376,https://www.kinopoisk.ru/film/884376/,Manchester by the Sea,Манчестер у моря (2016),23.02.2018,8
42736,https://www.kinopoisk.ru/film/42736/, ,Офицеры (1971),23.02.2018,9
1008385,https://www.kinopoisk.ru/film/1008385/,"I, Tonya",Тоня против всех (2017),18.02.2018,10
835877,https://www.kinopoisk.ru/film/835877/,The Hitman's Bodyguard,Телохранитель киллера (2017),10.02.2018,4
840817,https://www.kinopoisk.ru/film/840817/, ,Движение вверх (2017),03.02.2018,10
906654,https://www.kinopoisk.ru/film/906654/,Kingsman: The Golden Circle,Kingsman: Золотое кольцо (2017),21.01.2018,10
930534,https://www.kinopoisk.ru/film/930534/,Split,Сплит (2017),13.01.2018,10
902939,https://www.kinopoisk.ru/film/902939/,Baby Driver,Малыш на драйве (2017),10.01.2018,10
707407,https://www.kinopoisk.ru/film/707407/, ,Викинг (2016),08.01.2018,5
471158,https://www.kinopoisk.ru/film/471158/, ,Выкрутасы (2010),08.01.2018,4
931677,https://www.kinopoisk.ru/film/931677/,Dunkirk,Дюнкерк (2017),06.01.2018,5
841263,https://www.kinopoisk.ru/film/841263/,Guardians of the Galaxy Vol. 2,Стражи Галактики. Часть 2 (2017),30.12.2017,7
840261,https://www.kinopoisk.ru/film/840261/, ,Кухня. Последняя битва (2017),02.12.2017,3
690593,https://www.kinopoisk.ru/film/690593/,Spider-Man: Homecoming,Человек-паук: Возвращение домой (2017),27.11.2017,7
184417,https://www.kinopoisk.ru/film/184417/,Saw III,Пила 3 (2006),26.11.2017,5
839818,https://www.kinopoisk.ru/film/839818/, ,Экипаж (2016),20.11.2017,5
86206,https://www.kinopoisk.ru/film/86206/,Saw II,Пила 2 (2005),07.11.2017,7
840250,https://www.kinopoisk.ru/film/840250/, ,Притяжение (2017),04.11.2017,4
762738,https://www.kinopoisk.ru/film/762738/,John Wick,Джон Уик (2014),26.10.2017,4
948999,https://www.kinopoisk.ru/film/948999/, ,Жених (2016),19.10.2017,4
923510,https://www.kinopoisk.ru/film/923510/,That Sugar Film,Сахар (2014),10.09.2017,10
64187,https://www.kinopoisk.ru/film/64187/,Saw,Пила: Игра на выживание (2004),12.08.2017,9
63912,https://www.kinopoisk.ru/film/63912/,Il bisbetico domato,Укрощение строптивого (1980),11.08.2017,10
8932,https://www.kinopoisk.ru/film/8932/,Garfield,Гарфилд (2004),09.08.2017,7
462553,https://www.kinopoisk.ru/film/462553/,True Grit,Железная хватка (2010),09.08.2017,5
104924,https://www.kinopoisk.ru/film/104924/,Perfect Stranger,Идеальный незнакомец (2007),09.08.2017,9
696977,https://www.kinopoisk.ru/film/696977/,The Zero Theorem,Теорема Зеро (2013),06.08.2017,5
927771,https://www.kinopoisk.ru/film/927771/, ,Одноклассницы (2016),05.08.2017,1
601564,https://www.kinopoisk.ru/film/601564/, ,Легенда №17 (2012),05.08.2017,3
678997,https://www.kinopoisk.ru/film/678997/,Contracted,Инфекция (2013),02.08.2017,4
462662,https://www.kinopoisk.ru/film/462662/,The Bounty Hunter,Охотник за головами (2010),02.08.2017,4
4840,https://www.kinopoisk.ru/film/4840/,Maid in Manhattan,Госпожа горничная (2002),02.08.2017,5
78750,https://www.kinopoisk.ru/film/78750/,Running Scared,Беги без оглядки (2005),02.08.2017,8
371,https://www.kinopoisk.ru/film/371/,Saving Private Ryan,Спасти рядового Райана (1998),29.07.2017,10
280938,https://www.kinopoisk.ru/film/280938/, ,Адмиралъ (2008),22.07.2017,5
409295,https://www.kinopoisk.ru/film/409295/,Source Code,Исходный код (2011),21.07.2017,8
760829,https://www.kinopoisk.ru/film/760829/,Coherence,Связь (2012),09.07.2017,10
524631,https://www.kinopoisk.ru/film/524631/,Erased,Экспат (2011),01.07.2017,3
966995,https://www.kinopoisk.ru/film/966995/,Life,Живое (2017),11.06.2017,9
102383,https://www.kinopoisk.ru/film/102383/,Wonder Woman,Чудо-женщина (2017),10.06.2017,7
695548,https://www.kinopoisk.ru/film/695548/,Alien: Covenant,Чужой: Завет (2017),30.05.2017,9
780470,https://www.kinopoisk.ru/film/780470/,Inferno,Инферно (2016),28.05.2017,6
271513,https://www.kinopoisk.ru/film/271513/, ,Дикари (2006),06.05.2017,5
485261,https://www.kinopoisk.ru/film/485261/,Tucker and Dale vs Evil,Убойные каникулы (2010),04.05.2017,7
690615,https://www.kinopoisk.ru/film/690615/,Assassin's Creed,Кредо убийцы (2016),22.04.2017,2
742026,https://www.kinopoisk.ru/film/742026/, ,Битва за Севастополь (2015),12.04.2017,8
462754,https://www.kinopoisk.ru/film/462754/,The Wolverine,Росомаха: Бессмертный (2013),25.03.2017,6
807682,https://www.kinopoisk.ru/film/807682/,Logan,Логан (2017),09.03.2017,10
946883,https://www.kinopoisk.ru/film/946883/, ,"Гуляй, Вася! (2016)",26.02.2017,5
718811,https://www.kinopoisk.ru/film/718811/,Arrival,Прибытие (2016),23.02.2017,7
909898,https://www.kinopoisk.ru/film/909898/,Nocturnal Animals,Под покровом ночи (2016),23.02.2017,10
841081,https://www.kinopoisk.ru/film/841081/,La La Land,Ла-Ла Ленд (2016),29.01.2017,9
502838,https://www.kinopoisk.ru/series/502838/,Sherlock,"Шерлок (сериал, 2010 – 2017)",16.01.2017,8
602749,https://www.kinopoisk.ru/film/602749/,War Dogs,Парни со стволами (2016),07.01.2017,7
778218,https://www.kinopoisk.ru/film/778218/, ,Хардкор (2016),05.01.2017,9
470689,https://www.kinopoisk.ru/film/470689/,Passengers,Пассажиры (2016),04.01.2017,6
819101,https://www.kinopoisk.ru/film/819101/,The Hateful Eight,Омерзительная восьмерка (2015),03.01.2017,9
786958,https://www.kinopoisk.ru/film/786958/,Now You See Me 2,Иллюзия обмана 2 (2016),24.12.2016,6
814016,https://www.kinopoisk.ru/film/814016/,X-Men: Apocalypse,Люди Икс: Апокалипсис (2016),10.12.2016,10
468522,https://www.kinopoisk.ru/film/468522/,Suicide Squad,Отряд самоубийц (2016),03.12.2016,5
817245,https://www.kinopoisk.ru/film/817245/,Jack Reacher: Never Go Back,Джек Ричер 2: Никогда не возвращайся (2016),13.11.2016,4
840234,https://www.kinopoisk.ru/film/840234/, ,Дуэлянт (2016),04.10.2016,8
557804,https://www.kinopoisk.ru/film/557804/,Sausage Party,Полный расколбас (2016),16.09.2016,9
782792,https://www.kinopoisk.ru/film/782792/,Spy,Шпион (2015),11.09.2016,6
93377,https://www.kinopoisk.ru/film/93377/,Hot Fuzz,Типа крутые легавые (2007),05.07.2016,6
723988,https://www.kinopoisk.ru/film/723988/,Alice Through the Looking Glass,Алиса в Зазеркалье (2016),28.06.2016,5
843463,https://www.kinopoisk.ru/film/843463/,10 Cloverfield Lane,"Кловерфилд, 10 (2016)",19.06.2016,6
522,https://www.kinopoisk.ru/film/522/,"Lock, Stock and Two Smoking Barrels","Карты, деньги, два ствола (1998)",19.06.2016,10
436225,https://www.kinopoisk.ru/film/436225/,Terminator Genisys,Терминатор: Генезис (2015),04.06.2016,8
277328,https://www.kinopoisk.ru/film/277328/,Warcraft,Варкрафт (2016),26.05.2016,9
673910,https://www.kinopoisk.ru/film/673910/,Enemy,Враг (2013),03.05.2016,10
770631,https://www.kinopoisk.ru/film/770631/,Batman v Superman: Dawn of Justice,Бэтмен против Супермена: На заре справедливости (2016),07.04.2016,10
840754,https://www.kinopoisk.ru/film/840754/, ,А зори здесь тихие... (2015),01.04.2016,8
453406,https://www.kinopoisk.ru/film/453406/,Mad Max: Fury Road,Безумный Макс: Дорога ярости (2015),26.03.2016,8
775276,https://www.kinopoisk.ru/film/775276/,Zootopia,Зверополис (2016),17.03.2016,9
817506,https://www.kinopoisk.ru/series/817506/,The Flash,"Флэш (сериал, 2014 – 2023)",03.03.2016,5
596985,https://www.kinopoisk.ru/film/596985/,Victor Frankenstein,Виктор Франкенштейн (2015),23.02.2016,6
784455,https://www.kinopoisk.ru/film/784455/,Man Up,Краденое свидание (2015),16.02.2016,10
462360,https://www.kinopoisk.ru/film/462360/,Deadpool,Дэдпул (2016),14.02.2016,10
195496,https://www.kinopoisk.ru/film/195496/,Ant-Man,Человек-муравей (2015),20.01.2016,8
471642,https://www.kinopoisk.ru/film/471642/,Fantastic Four,Фантастическая четверка (2015),10.01.2016,3
841700,https://www.kinopoisk.ru/film/841700/,The Martian,Марсианин (2015),07.01.2016,10
518042,https://www.kinopoisk.ru/film/518042/,The Man from U.N.C.L.E.,Агенты А.Н.К.Л. (2015),01.01.2016,7
655435,https://www.kinopoisk.ru/film/655435/,Self/less,Вне/себя (2015),19.12.2015,4
760815,https://www.kinopoisk.ru/film/760815/,Nightcrawler,Стрингер (2013),11.12.2015,8
779602,https://www.kinopoisk.ru/film/779602/,Who Am I - Kein System ist sicher,Кто я (2014),28.11.2015,10
678552,https://www.kinopoisk.ru/film/678552/,Spectre,007: СПЕКТР (2015),13.11.2015,7
575613,https://www.kinopoisk.ru/film/575613/,The Maze Runner,Бегущий в лабиринте (2014),05.11.2015,9
195563,https://www.kinopoisk.ru/film/195563/,1408,1408 (2007),01.11.2015,5
5492,https://www.kinopoisk.ru/film/5492/,Eternal Sunshine of the Spotless Mind,Вечное сияние чистого разума (2004),20.10.2015,10
762833,https://www.kinopoisk.ru/film/762833/,Beyond the Reach,Игра на выживание (2014),17.09.2015,8
749540,https://www.kinopoisk.ru/film/749540/,Kingsman: The Secret Service,Kingsman: Секретная служба (2015),30.08.2015,9
893218,https://www.kinopoisk.ru/film/893218/, ,Крым. Путь на Родину (2015),24.08.2015,8
762373,https://www.kinopoisk.ru/series/762373/, ,"Орёл и решка (сериал, 2011)",21.08.2015,8
505966,https://www.kinopoisk.ru/film/505966/,Jupiter Ascending,Восхождение Юпитер (2015),17.08.2015,2
252063,https://www.kinopoisk.ru/film/252063/, ,Питер FM (2006),24.07.2015,6
450213,https://www.kinopoisk.ru/film/450213/,The Blind Side,Невидимая сторона (2009),22.07.2015,9
566387,https://www.kinopoisk.ru/film/566387/,21 & Over,21 и больше (2013),16.07.2015,2
677880,https://www.kinopoisk.ru/film/677880/,Runner Runner,Va-банк (2013),11.07.2015,5
680824,https://www.kinopoisk.ru/film/680824/,Focus,Фокус (2014),04.07.2015,9
46789,https://www.kinopoisk.ru/film/46789/, ,12 стульев (1971),10.06.2015,10
824954,https://www.kinopoisk.ru/film/824954/,Kung Fury,Кунг Фьюри (2015),07.06.2015,8
461206,https://www.kinopoisk.ru/film/461206/,Teenage Mutant Ninja Turtles,Черепашки-ниндзя (2014),31.05.2015,8
338,https://www.kinopoisk.ru/film/338/,Star Wars: Episode V - The Empire Strikes Back,Звёздные войны: Эпизод 5 – Империя наносит ответный удар (1980),07.05.2015,7
333,https://www.kinopoisk.ru/film/333/,Star Wars,Звёздные войны: Эпизод 4 – Новая надежда (1977),05.05.2015,8
743392,https://www.kinopoisk.ru/film/743392/,Jeune & jolie,Молода и прекрасна (2013),27.04.2015,8
635772,https://www.kinopoisk.ru/film/635772/,The Imitation Game,Игра в имитацию (2014),23.02.2015,7
689066,https://www.kinopoisk.ru/film/689066/,Guardians of the Galaxy,Стражи Галактики (2014),04.02.2015,8
70952,https://www.kinopoisk.ru/film/70952/, ,72 метра (2004),04.02.2015,8
722827,https://www.kinopoisk.ru/film/722827/,Birdman or (The Unexpected Virtue of Ignorance),Бёрдмэн (2014),03.02.2015,9
597687,https://www.kinopoisk.ru/film/597687/,X-Men: Days of Future Past,Люди Икс: Дни минувшего будущего (2014),12.01.2015,8
692861,https://www.kinopoisk.ru/film/692861/,Gone Girl,Исчезнувшая (2014),10.01.2015,6
596001,https://www.kinopoisk.ru/film/596001/,Noah,Ной (2014),08.01.2015,4
423210,https://www.kinopoisk.ru/film/423210/,3 Idiots,Три идиота (2009),07.01.2015,8
502733,https://www.kinopoisk.ru/film/502733/, ,О чём ещё говорят мужчины (2011),05.01.2015,3
259931,https://www.kinopoisk.ru/film/259931/,Koursk: Un sous-marin en eaux troubles,Курск: Субмарина в мутной воде (2004),05.01.2015,8
749507,https://www.kinopoisk.ru/film/749507/,The Pyramid,Пирамида (2014),13.12.2014,6
463686,https://www.kinopoisk.ru/film/463686/,Escape Plan,План побега (2013),09.11.2014,5
260991,https://www.kinopoisk.ru/film/260991/,Godzilla,Годзилла (2014),02.11.2014,4
672899,https://www.kinopoisk.ru/film/672899/,22 Jump Street,Мачо и ботан 2 (2014),25.10.2014,8
606646,https://www.kinopoisk.ru/film/606646/,12 Years a Slave,12 лет рабства (2013),04.10.2014,8
595938,https://www.kinopoisk.ru/film/595938/,Thor: The Dark World,Тор 2: Царство тьмы (2013),28.09.2014,3
780451,https://www.kinopoisk.ru/film/780451/,Bad Grandpa,Несносный дед (2013),07.09.2014,9
602409,https://www.kinopoisk.ru/film/602409/,The Amazing Spider-Man 2,Новый Человек-паук: Высокое напряжение (2014),03.09.2014,7
592203,https://www.kinopoisk.ru/film/592203/,Flight,Экипаж (2012),26.08.2014,8
104901,https://www.kinopoisk.ru/film/104901/,Hitman,Хитмэн (2007),24.08.2014,2
77454,https://www.kinopoisk.ru/film/77454/,Hitch,Правила съема: Метод Хитча (2005),21.08.2014,7
195524,https://www.kinopoisk.ru/film/195524/,I Am Legend,Я – легенда (2007),20.08.2014,9
258885,https://www.kinopoisk.ru/film/258885/,The Bucket List,Пока не сыграл в ящик (2007),19.08.2014,6
760376,https://www.kinopoisk.ru/film/760376/,Wish I Was Here,Хотел бы я быть здесь (2014),15.08.2014,5
681849,https://www.kinopoisk.ru/film/681849/,La migliore offerta,Лучшее предложение (2012),13.08.2014,10
464130,https://www.kinopoisk.ru/film/464130/,Up in the Air,Мне бы в небо (2009),11.08.2014,7
450760,https://www.kinopoisk.ru/film/450760/,Signs,Знаки (2008),02.08.2014,9
679554,https://www.kinopoisk.ru/film/679554/, ,Всё и сразу (2013),02.08.2014,9
795847,https://www.kinopoisk.ru/film/795847/, ,Кухня в Париже (2014),01.08.2014,6
417840,https://www.kinopoisk.ru/film/417840/, ,Каникулы строгого режима (2009),29.07.2014,8
335,https://www.kinopoisk.ru/film/335/,Memento,Помни (2000),11.07.2014,10
635177,https://www.kinopoisk.ru/film/635177/,American Hustle,Афера по-американски (2013),05.07.2014,5
683999,https://www.kinopoisk.ru/film/683999/,The Grand Budapest Hotel,Отель «Гранд Будапешт» (2014),04.07.2014,9
505851,https://www.kinopoisk.ru/film/505851/,Edge of Tomorrow,Грань будущего (2014),19.06.2014,6
666731,https://www.kinopoisk.ru/film/666731/,Don Jon,Страсти Дон Жуана (2013),17.06.2014,6
470185,https://www.kinopoisk.ru/film/470185/,Oblivion,Обливион (2013),13.06.2014,10
468571,https://www.kinopoisk.ru/film/468571/,Last Vegas,Starперцы (2013),09.06.2014,4
461934,https://www.kinopoisk.ru/film/461934/,"I, Frankenstein","Я, Франкенштейн (2013)",01.06.2014,7
468102,https://www.kinopoisk.ru/film/468102/, ,О чём говорят мужчины (2010),10.05.2014,7
546915,https://www.kinopoisk.ru/film/546915/,Pacific Rim,Тихоокеанский рубеж (2013),03.04.2014,3
591789,https://www.kinopoisk.ru/film/591789/,After the Dark,Философы: Урок выживания (2013),01.04.2014,3
806273,https://www.kinopoisk.ru/film/806273/,Mr Hublot,Господин Иллюминатор (2013),24.03.2014,6
273302,https://www.kinopoisk.ru/film/273302/,The Mist,Мгла (2007),17.03.2014,7
468466,https://www.kinopoisk.ru/film/468466/,Gravity,Гравитация (2013),09.03.2014,5
416183,https://www.kinopoisk.ru/film/416183/,RoboCop,РобоКоп (2014),24.02.2014,5
586397,https://www.kinopoisk.ru/film/586397/,Django Unchained,Джанго освобожденный (2012),15.02.2014,8
462682,https://www.kinopoisk.ru/film/462682/,The Wolf of Wall Street,Волк с Уолл-стрит (2013),12.02.2014,6
489439,https://www.kinopoisk.ru/film/489439/,The Last Stand,Возвращение героя (2013),08.02.2014,5
40775,https://www.kinopoisk.ru/film/40775/, ,Турецкий гамбит (2005),05.02.2014,6
675649,https://www.kinopoisk.ru/film/675649/,White House Down,Штурм Белого дома (2013),02.02.2014,5
462454,https://www.kinopoisk.ru/film/462454/,R.I.P.D.,Призрачный патруль (2013),23.01.2014,4
652659,https://www.kinopoisk.ru/film/652659/, ,Ёлки 3 (2013),23.01.2014,8
662596,https://www.kinopoisk.ru/film/662596/,About Time,Бойфренд из будущего (2013),06.01.2014,10
596227,https://www.kinopoisk.ru/film/596227/,Pain & Gain,Кровью и потом: Анаболики (2013),02.01.2014,9
600847,https://www.kinopoisk.ru/film/600847/,The Hangover Part III,Мальчишник: Часть III (2013),01.01.2014,5
577285,https://www.kinopoisk.ru/film/577285/,After Earth,После нашей эры (2013),01.01.2014,6
252667,https://www.kinopoisk.ru/film/252667/,Man of Steel,Человек из стали (2013),15.12.2013,5
745274,https://www.kinopoisk.ru/film/745274/, ,Остров везения (2013),14.12.2013,4
653696,https://www.kinopoisk.ru/film/653696/, ,Географ глобус пропил (2013),26.11.2013,8
77435,https://www.kinopoisk.ru/film/77435/,Le scaphandre et le papillon,Скафандр и бабочка (2007),23.11.2013,8
463724,https://www.kinopoisk.ru/film/463724/,The Great Gatsby,Великий Гэтсби (2013),04.11.2013,10
282491,https://www.kinopoisk.ru/film/282491/,Validation,Подтверждение (2007),11.10.2013,8
432725,https://www.kinopoisk.ru/film/432725/,Movie 43,Муви 43 (2013),30.09.2013,5
677798,https://www.kinopoisk.ru/film/677798/,Jobs,Джобс: Империя соблазна (2013),29.09.2013,5
582170,https://www.kinopoisk.ru/film/582170/,We're the Millers,Мы – Миллеры (2013),17.09.2013,8
636356,https://www.kinopoisk.ru/film/636356/, ,На Байкал (2011),20.08.2013,7
679550,https://www.kinopoisk.ru/film/679550/, ,Дублёр (2012),18.08.2013,5
542600,https://www.kinopoisk.ru/film/542600/,Kokowääh,Соблазнитель (2010),11.08.2013,7
651645,https://www.kinopoisk.ru/series/651645/, ,"Люди Хэ (сериал, 2011 – 2013)",07.08.2013,8
427542,https://www.kinopoisk.ru/film/427542/,Battle: Los Angeles,Инопланетное вторжение: Битва за Лос-Анджелес (2011),07.08.2013,7
280176,https://www.kinopoisk.ru/film/280176/,The Day the Earth Stood Still,"День, когда Земля остановилась (2008)",31.07.2013,3
462938,https://www.kinopoisk.ru/film/462938/,Silver Linings Playbook,Мой парень – псих (2012),12.07.2013,6
417583,https://www.kinopoisk.ru/film/417583/,Jack Reacher,Джек Ричер (2012),11.07.2013,8
521689,https://www.kinopoisk.ru/film/521689/, ,Метро (2012),10.07.2013,7
577673,https://www.kinopoisk.ru/film/577673/,The Place Beyond the Pines,Место под соснами (2012),06.07.2013,9
489415,https://www.kinopoisk.ru/film/489415/,Premium Rush,Срочная доставка (2012),02.07.2013,5
522892,https://www.kinopoisk.ru/film/522892/,Now You See Me,Иллюзия обмана (2013),01.07.2013,9
559242,https://www.kinopoisk.ru/film/559242/,Chronicle,Хроника (2012),25.06.2013,8
506005,https://www.kinopoisk.ru/film/506005/,Oz the Great and Powerful,Оз: Великий и Ужасный (2013),21.06.2013,5
766592,https://www.kinopoisk.ru/film/766592/,The Smile Man,Человек-улыбка (2013),21.06.2013,7
37547,https://www.kinopoisk.ru/film/37547/,Awake,Наркоз (2007),04.05.2013,9
277537,https://www.kinopoisk.ru/series/277537/,Dexter,"Декстер (сериал, 2006 – 2013)",04.05.2013,9
462762,https://www.kinopoisk.ru/film/462762/,Iron Man Three,Железный человек 3 (2013),03.05.2013,6
77444,https://www.kinopoisk.ru/film/77444/,Hooligans,Хулиганы (2005),03.05.2013,10
523248,https://www.kinopoisk.ru/film/523248/,The Perks of Being a Wallflower,Хорошо быть тихоней (2012),24.03.2013,9
406148,https://www.kinopoisk.ru/series/406148/,Desu noto,"Тетрадь смерти (сериал, 2006 – 2007)",06.03.2013,6
395787,https://www.kinopoisk.ru/film/395787/,Seven Pounds,Семь жизней (2008),22.02.2013,10
5129,https://www.kinopoisk.ru/film/5129/,American Pie,Американский пирог (1999),10.02.2013,7
196748,https://www.kinopoisk.ru/film/196748/,The Losers,Лузеры (2010),09.02.2013,7
870,https://www.kinopoisk.ru/film/870/,Vanilla Sky,Ванильное небо (2001),07.02.2013,9
497077,https://www.kinopoisk.ru/film/497077/,Warm Bodies,Тепло наших тел (2013),07.02.2013,9
687595,https://www.kinopoisk.ru/series/687595/, ,"Кухня (сериал, 2012 – 2016)",05.02.2013,7
542581,https://www.kinopoisk.ru/film/542581/, ,Неадекватные люди (2010),28.01.2013,7
413080,https://www.kinopoisk.ru/film/413080/,21 Jump Street,Мачо и ботан (2012),26.01.2013,7
86573,https://www.kinopoisk.ru/film/86573/,The Invisible,Невидимый (2007),08.01.2013,3
276295,https://www.kinopoisk.ru/film/276295/,In Bruges,Залечь на дно в Брюгге (2007),06.01.2013,10
261363,https://www.kinopoisk.ru/film/261363/,Superbad,SuperПерцы (2007),06.01.2013,6
706,https://www.kinopoisk.ru/film/706/,I Am Sam,Я – Сэм (2001),05.01.2013,8
437410,https://www.kinopoisk.ru/film/437410/,The Dark Knight Rises,Темный рыцарь: Возрождение легенды (2012),04.01.2013,10
81584,https://www.kinopoisk.ru/film/81584/,Barfuss,Босиком по мостовой (2005),03.01.2013,9
466844,https://www.kinopoisk.ru/film/466844/,Battleship,Морской бой (2012),01.01.2013,4
419875,https://www.kinopoisk.ru/film/419875/,Loose Change: Second Edition,Разменная монета: Второе издание (2005),01.01.2013,9
394455,https://www.kinopoisk.ru/film/394455/,Fighting,Бой без правил (2009),30.12.2012,3
61439,https://www.kinopoisk.ru/film/61439/,Meet the Fockers,Знакомство с Факерами (2004),27.12.2012,6
462884,https://www.kinopoisk.ru/film/462884/,That's My Boy,Папа-досвидос (2012),23.12.2012,3
453374,https://www.kinopoisk.ru/film/453374/,Total Recall,Вспомнить всё (2012),16.12.2012,5
530,https://www.kinopoisk.ru/film/530/,A Beautiful Mind,Игры разума (2001),14.12.2012,10
259876,https://www.kinopoisk.ru/film/259876/,Wanted,Особо опасен (2008),13.12.2012,7
471587,https://www.kinopoisk.ru/film/471587/,The Change-Up,Хочу как ты (2011),02.12.2012,6
324,https://www.kinopoisk.ru/film/324/,Catch Me If You Can,"Поймай меня, если сможешь (2002)",02.12.2012,9
451190,https://www.kinopoisk.ru/film/451190/, ,Олимпиус Инферно (2009),24.11.2012,6
692309,https://www.kinopoisk.ru/film/692309/,Halo 4: Forward Unto Dawn,Halo 4: Идущий к рассвету (2012),23.11.2012,7
271748,https://www.kinopoisk.ru/series/271748/,Heroes,"Герои (сериал, 2006 – 2010)",23.11.2012,8
464282,https://www.kinopoisk.ru/film/464282/,Due Date,Впритык (2010),23.11.2012,7
311268,https://www.kinopoisk.ru/film/311268/,Never Back Down,Никогда не сдавайся (2008),21.11.2012,8
409372,https://www.kinopoisk.ru/film/409372/,(500) Days of Summer,500 дней лета (2009),15.11.2012,9
390738,https://www.kinopoisk.ru/film/390738/,Scusa ma ti chiamo amore,Прости за любовь (2008),13.11.2012,6
416824,https://www.kinopoisk.ru/film/416824/,The Boat That Rocked,Рок-волна (2009),11.11.2012,7
493992,https://www.kinopoisk.ru/film/493992/,"Crazy, Stupid, Love.",Эта дурацкая любовь (2011),09.11.2012,8
464484,https://www.kinopoisk.ru/film/464484/,Cloud Atlas,Облачный атлас (2012),05.11.2012,10
467099,https://www.kinopoisk.ru/film/467099/,Prometheus,Прометей (2012),04.11.2012,8
655800,https://www.kinopoisk.ru/series/655800/,Black Mirror,"Черное зеркало (сериал, 2011 – 2019)",04.11.2012,9
455773,https://www.kinopoisk.ru/film/455773/,Men in Black 3,Люди в черном 3 (2012),30.10.2012,9
408871,https://www.kinopoisk.ru/film/408871/,Skyfall,007: Координаты «Скайфолл» (2012),28.10.2012,7
278217,https://www.kinopoisk.ru/film/278217/,The Amazing Spider-Man,Новый Человек-паук (2012),24.10.2012,8
374718,https://www.kinopoisk.ru/film/374718/,Cloverfield,Монстро (2007),06.09.2012,8
507817,https://www.kinopoisk.ru/film/507817/,Ted,Третий лишний (2012),08.08.2012,7
603616,https://www.kinopoisk.ru/film/603616/,Tengo ganas de ti,Три метра над уровнем неба: Я тебя хочу (2012),08.08.2012,6
5090,https://www.kinopoisk.ru/film/5090/,EuroTrip,Евротур (2004),10.07.2012,9
398624,https://www.kinopoisk.ru/film/398624/,Sex Drive,Секс-драйв (2008),10.07.2012,7
523362,https://www.kinopoisk.ru/film/523362/,Tres metros sobre el cielo,Три метра над уровнем неба (2010),07.07.2012,9
89515,https://www.kinopoisk.ru/film/89515/,Harry Potter and the Half-Blood Prince,Гарри Поттер и Принц-полукровка (2009),06.07.2012,8
474953,https://www.kinopoisk.ru/film/474953/,Sherlock Holmes: A Game of Shadows,Шерлок Холмс: Игра теней (2011),06.07.2012,6
507440,https://www.kinopoisk.ru/film/507440/,Project X,Проект X: Дорвались (2012),03.07.2012,9
535341,https://www.kinopoisk.ru/film/535341/,Intouchables,1+1 (2011),26.06.2012,10
463577,https://www.kinopoisk.ru/film/463577/,Mr. Popper's Penguins,Пингвины мистера Поппера (2011),15.05.2012,7
367,https://www.kinopoisk.ru/film/367/,Requiem for a Dream,Реквием по мечте (2000),08.05.2012,8
263531,https://www.kinopoisk.ru/film/263531/,The Avengers,Мстители (2012),08.05.2012,9
507169,https://www.kinopoisk.ru/film/507169/, ,Туман (2010),06.05.2012,8
402550,https://www.kinopoisk.ru/film/402550/,I Love You Phillip Morris,"Я люблю тебя, Филлип Моррис (2008)",05.05.2012,9
406175,https://www.kinopoisk.ru/film/406175/, ,Иван Царевич и Серый Волк (2011),03.05.2012,8
257774,https://www.kinopoisk.ru/film/257774/, ,Обитаемый остров (2008),11.04.2012,5
462548,https://www.kinopoisk.ru/film/462548/,Tinker Tailor Soldier Spy,"Шпион, выйди вон! (2011)",11.04.2012,8
565158,https://www.kinopoisk.ru/film/565158/, ,Август. Восьмого (2012),07.04.2012,4
491724,https://www.kinopoisk.ru/film/491724/,The Girl with the Dragon Tattoo,Девушка с татуировкой дракона (2011),31.03.2012,10
9544,https://www.kinopoisk.ru/film/9544/,Live Free or Die Hard,Крепкий орешек 4.0 (2007),13.02.2012,8
195615,https://www.kinopoisk.ru/film/195615/,The Mechanic,Механик (2010),10.02.2012,7
428134,https://www.kinopoisk.ru/film/428134/,Sound of Noise,Звуки шума (2010),05.02.2012,8
501293,https://www.kinopoisk.ru/film/501293/,Abduction,Погоня (2011),30.01.2012,6
460523,https://www.kinopoisk.ru/film/460523/,Predators,Хищники (2010),30.01.2012,7
355,https://www.kinopoisk.ru/film/355/,The Pianist,Пианист (2002),30.01.2012,10
573817,https://www.kinopoisk.ru/film/573817/, ,Ёлки 2 (2011),28.01.2012,10
102611,https://www.kinopoisk.ru/film/102611/,"10,000 BC",10 000 лет до н.э. (2008),27.01.2012,6
88198,https://www.kinopoisk.ru/film/88198/,Real Steel,Живая сталь (2011),25.01.2012,8
507676,https://www.kinopoisk.ru/film/507676/,Johnny English Reborn,Агент Джонни Инглиш: Перезагрузка (2011),24.01.2012,9
278208,https://www.kinopoisk.ru/film/278208/,Tropic Thunder,Солдаты неудачи (2008),20.01.2012,10
14339,https://www.kinopoisk.ru/film/14339/,Taxi 3,Такси 3 (2003),18.01.2012,7
854,https://www.kinopoisk.ru/film/854/,Taxi 2,Такси 2 (2000),15.01.2012,6
14349,https://www.kinopoisk.ru/film/14349/,Taxi,Такси (1998),14.01.2012,8
506349,https://www.kinopoisk.ru/film/506349/,Final Destination 5,Пункт назначения 5 (2011),09.01.2012,7
455188,https://www.kinopoisk.ru/film/455188/,Knight and Day,Рыцарь дня (2010),07.01.2012,9
522094,https://www.kinopoisk.ru/film/522094/,Vampires Suck,Вампирский засос (2010),05.01.2012,4
432791,https://www.kinopoisk.ru/film/432791/,Moneyball,"Человек, который изменил всё (2011)",05.01.2012,10
258054,https://www.kinopoisk.ru/series/258054/,American Dad!,"Американский папаша (сериал, 2005 – ...)",04.01.2012,4
161252,https://www.kinopoisk.ru/series/161252/,South Park,"Южный Парк (сериал, 1997 – ...)",04.01.2012,8
81961,https://www.kinopoisk.ru/film/81961/,Cowboys & Aliens,Ковбои против пришельцев (2011),03.01.2012,5
258759,https://www.kinopoisk.ru/film/258759/,Priest,Пастырь (2011),02.01.2012,7
81041,https://www.kinopoisk.ru/film/81041/, ,Алеша Попович и Тугарин Змей (2004),01.01.2012,9
517433,https://www.kinopoisk.ru/film/517433/,Super 8,Супер 8 (2011),25.12.2011,4
84674,https://www.kinopoisk.ru/film/84674/, ,9 рота (2005),24.12.2011,7
321845,https://www.kinopoisk.ru/film/321845/, ,Кандагар (2009),24.12.2011,8
407636,https://www.kinopoisk.ru/film/407636/,Harry Potter and the Deathly Hallows: Part 2,Гарри Поттер и Дары Смерти: Часть II (2011),23.12.2011,10
465673,https://www.kinopoisk.ru/film/465673/,Bad Teacher,Очень плохая училка (2011),18.12.2011,7
427198,https://www.kinopoisk.ru/film/427198/,The Social Network,Социальная сеть (2010),18.12.2011,10
470179,https://www.kinopoisk.ru/film/470179/,Red Riding Hood,Красная Шапочка (2011),18.12.2011,6
517988,https://www.kinopoisk.ru/film/517988/,In Time,Время (2011),18.12.2011,7
257401,https://www.kinopoisk.ru/film/257401/,Angels & Demons,Ангелы и Демоны (2009),17.12.2011,9
420923,https://www.kinopoisk.ru/film/420923/,Sherlock Holmes,Шерлок Холмс (2009),17.12.2011,9
77711,https://www.kinopoisk.ru/film/77711/,The Da Vinci Code,Код Да Винчи (2006),17.12.2011,8
160946,https://www.kinopoisk.ru/film/160946/,Captain America: The First Avenger,Первый мститель (2011),15.12.2011,5
401177,https://www.kinopoisk.ru/film/401177/,Twilight,Сумерки (2008),11.12.2011,5
41109,https://www.kinopoisk.ru/film/41109/, ,Сёстры (2001),11.12.2011,8
5908,https://www.kinopoisk.ru/film/5908/,King Kong,Кинг Конг (2005),11.12.2011,9
463738,https://www.kinopoisk.ru/film/463738/,Rise of the Planet of the Apes,Восстание планеты обезьян (2011),11.12.2011,8
501998,https://www.kinopoisk.ru/series/501998/, ,"Интерны (сериал, 2010 – 2016)",10.12.2011,8
38905,https://www.kinopoisk.ru/film/38905/,Charlie and the Chocolate Factory,Чарли и шоколадная фабрика (2005),10.12.2011,6
63991,https://www.kinopoisk.ru/film/63991/,Pirates of the Caribbean: Dead Man's Chest,Пираты Карибского моря: Сундук мертвеца (2006),10.12.2011,9
102124,https://www.kinopoisk.ru/film/102124/,Pirates of the Caribbean: At World's End,Пираты Карибского моря: На краю света (2007),10.12.2011,10
9691,https://www.kinopoisk.ru/film/9691/,Inglourious Basterds,Бесславные ублюдки (2009),10.12.2011,7
455338,https://www.kinopoisk.ru/film/455338/,The Hangover Part II,Мальчишник 2: Из Вегаса в Бангкок (2011),10.12.2011,10
102146,https://www.kinopoisk.ru/film/102146/,Puss in Boots,Кот в сапогах (2011),10.12.2011,8
496943,https://www.kinopoisk.ru/film/496943/,Fast Five,Форсаж 5 (2011),08.10.2011,6
406294,https://www.kinopoisk.ru/film/406294/,Green Lantern,Зеленый Фонарь (2011),02.10.2011,5
81885,https://www.kinopoisk.ru/film/81885/,DOA: Dead or Alive,D.O.A.: Живым или мертвым (2006),25.09.2011,8
258941,https://www.kinopoisk.ru/film/258941/,Thor,Тор (2011),12.09.2011,6
408410,https://www.kinopoisk.ru/film/408410/,Gran Torino,Гран Торино (2008),27.07.2011,10
274730,https://www.kinopoisk.ru/film/274730/,Largo Winch,Ларго Винч: Начало (2008),26.07.2011,7
102151,https://www.kinopoisk.ru/film/102151/,Hancock,Хэнкок (2008),26.07.2011,8
484878,https://www.kinopoisk.ru/film/484878/,127 Hours,127 часов (2010),24.07.2011,10
413362,https://www.kinopoisk.ru/film/413362/,Slumdog Millionaire,Миллионер из трущоб (2008),22.07.2011,9
404510,https://www.kinopoisk.ru/film/404510/,Jennifer's Body,Тело Дженнифер (2009),21.07.2011,5
341,https://www.kinopoisk.ru/film/341/,Le Fabuleux destin d'Amélie Poulain,Амели (2001),21.07.2011,10
258475,https://www.kinopoisk.ru/film/258475/,Quantum of Solace,Квант милосердия (2008),19.07.2011,9
49844,https://www.kinopoisk.ru/film/49844/,Casino Royale,Казино Рояль (2006),19.07.2011,9
460589,https://www.kinopoisk.ru/series/460589/, ,"Прожекторперисхилтон (сериал, 2008 – 2017)",19.07.2011,9
406408,https://www.kinopoisk.ru/film/406408/,Law Abiding Citizen,Законопослушный гражданин (2009),19.07.2011,9
4541,https://www.kinopoisk.ru/film/4541/,The Truman Show,Шоу Трумана (1998),19.07.2011,10
485311,https://www.kinopoisk.ru/film/485311/,The King's Speech,Король говорит! (2010),19.07.2011,10
412248,https://www.kinopoisk.ru/film/412248/, ,"Все умрут, а я останусь (2008)",17.07.2011,4
493098,https://www.kinopoisk.ru/series/493098/, ,"Школа (сериал, 2010)",17.07.2011,9
86208,https://www.kinopoisk.ru/film/86208/,V for Vendetta,«V» значит Вендетта (2006),16.07.2011,9
255380,https://www.kinopoisk.ru/film/255380/,The Incredible Hulk,Невероятный Халк (2008),15.07.2011,7
1796,https://www.kinopoisk.ru/film/1796/,Duplex,Дюплекс (2003),15.07.2011,8
61249,https://www.kinopoisk.ru/film/61249/,Cars,Тачки (2006),15.07.2011,9
258328,https://www.kinopoisk.ru/film/258328/,Toy Story 3,История игрушек: Большой побег (2010),15.07.2011,8
2213,https://www.kinopoisk.ru/film/2213/,Titanic,Титаник (1997),15.07.2011,9
81555,https://www.kinopoisk.ru/film/81555/,The Curious Case of Benjamin Button,Загадочная история Бенджамина Баттона (2008),15.07.2011,9
402626,https://www.kinopoisk.ru/film/402626/,Jackass 3D,Чудаки 3D (2010),15.07.2011,6
220589,https://www.kinopoisk.ru/film/220589/,Jumper,Телепорт (2008),15.07.2011,9
86193,https://www.kinopoisk.ru/series/86193/,Smallville,"Тайны Смолвиля (сериал, 2001 – 2011)",15.07.2011,9
104122,https://www.kinopoisk.ru/series/104122/,Lost,"Остаться в живых (сериал, 2004 – 2010)",15.07.2011,8
445124,https://www.kinopoisk.ru/series/445124/,MythBusters,"Разрушители легенд (сериал, 2003 – 2018)",15.07.2011,9
471460,https://www.kinopoisk.ru/film/471460/, ,По контуру лица (2008),15.07.2011,9
84830,https://www.kinopoisk.ru/film/84830/, ,Жмурки (2005),15.07.2011,7
57166,https://www.kinopoisk.ru/film/57166/, ,Бумер (2003),15.07.2011,9
3948,https://www.kinopoisk.ru/film/3948/,Ghost Rider,Призрачный гонщик (2007),14.07.2011,7
467553,https://www.kinopoisk.ru/film/467553/,Machete,Мачете (2010),14.07.2011,8
5185,https://www.kinopoisk.ru/film/5185/,Dumb and Dumber,Тупой и еще тупее (1994),14.07.2011,10
432724,https://www.kinopoisk.ru/film/432724/,Despicable Me,Гадкий я (2010),14.07.2011,5
3491,https://www.kinopoisk.ru/film/3491/,Van Helsing,Ван Хельсинг (2004),13.07.2011,7
426002,https://www.kinopoisk.ru/film/426002/,Legion,Легион (2010),13.07.2011,5
427855,https://www.kinopoisk.ru/film/427855/,Paul,Пол: Секретный материальчик (2011),12.07.2011,9
103785,https://www.kinopoisk.ru/film/103785/,Inside Man,Не пойман – не вор (2006),11.07.2011,9
470656,https://www.kinopoisk.ru/film/470656/,Buried,Погребенный заживо (2010),11.07.2011,10
395690,https://www.kinopoisk.ru/film/395690/, ,Стиляги (2008),09.07.2011,9
668,https://www.kinopoisk.ru/film/668/,Final Destination,Пункт назначения (2000),09.07.2011,10
669,https://www.kinopoisk.ru/film/669/,Final Destination 2,Пункт назначения 2 (2003),09.07.2011,9
89674,https://www.kinopoisk.ru/film/89674/,Final Destination 3,Пункт назначения 3 (2006),09.07.2011,6
405753,https://www.kinopoisk.ru/film/405753/,The Final Destination,Пункт назначения 4 (2009),09.07.2011,6
462358,https://www.kinopoisk.ru/film/462358/,X-Men: First Class,Люди Икс: Первый класс (2011),08.07.2011,8
389,https://www.kinopoisk.ru/film/389/,Léon,Леон (1994),08.07.2011,10
279102,https://www.kinopoisk.ru/film/279102/,WALL·E,ВАЛЛ·И (2008),08.07.2011,10
79883,https://www.kinopoisk.ru/film/79883/, ,Бумер: Фильм второй (2006),08.07.2011,7
41520,https://www.kinopoisk.ru/film/41520/, ,Брат 2 (2000),08.07.2011,10
41519,https://www.kinopoisk.ru/film/41519/, ,Брат (1997),08.07.2011,10
382,https://www.kinopoisk.ru/film/382/,American History X,Американская история X (1998),08.07.2011,10
361,https://www.kinopoisk.ru/film/361/,Fight Club,Бойцовский клуб (1999),08.07.2011,10
448,https://www.kinopoisk.ru/film/448/,Forrest Gump,Форрест Гамп (1994),08.07.2011,10
435,https://www.kinopoisk.ru/film/435/,The Green Mile,Зеленая миля (1999),08.07.2011,10
432550,https://www.kinopoisk.ru/film/432550/,The Expendables,Неудержимые (2010),08.07.2011,8
452765,https://www.kinopoisk.ru/series/452765/, ,"Даёшь молодёжь! (сериал, 2009 – 2013)",03.07.2011,8
412173,https://www.kinopoisk.ru/series/412173/, ,"Наша Russia (сериал, 2006 – 2011)",03.07.2011,7
460576,https://www.kinopoisk.ru/series/460576/, ,"Большая разница (сериал, 2008 – 2014)",03.07.2011,8
471505,https://www.kinopoisk.ru/series/471505/, ,"Comedy Club (сериал, 2005 – ...)",03.07.2011,4
405644,https://www.kinopoisk.ru/series/405644/, ,"КВН. Высшая лига (сериал, 1961 – ...)",03.07.2011,10
469787,https://www.kinopoisk.ru/film/469787/, ,00:10 (2009),03.07.2011,10
260999,https://www.kinopoisk.ru/film/260999/,Clash of the Titans,Битва Титанов (2010),03.07.2011,8
81924,https://www.kinopoisk.ru/film/81924/,300,300 спартанцев (2007),03.07.2011,9
77443,https://www.kinopoisk.ru/film/77443/,Sin City,Город грехов (2005),03.07.2011,10
397496,https://www.kinopoisk.ru/film/397496/,G.I. Joe: The Rise of Cobra,Бросок кобры (2009),29.06.2011,6
61237,https://www.kinopoisk.ru/film/61237/,Iron Man,Железный человек (2008),29.06.2011,8
160932,https://www.kinopoisk.ru/film/160932/,Terminator Salvation,Терминатор: Да придёт спаситель (2009),28.06.2011,7
373391,https://www.kinopoisk.ru/film/373391/,Transformers: Revenge of the Fallen,Трансформеры: Месть падших (2009),28.06.2011,6
411924,https://www.kinopoisk.ru/film/411924/,Iron Man 2,Железный человек 2 (2010),28.06.2011,8
111543,https://www.kinopoisk.ru/film/111543/,The Dark Knight,Темный рыцарь (2008),28.06.2011,9
104904,https://www.kinopoisk.ru/film/104904/,X-Men Origins: Wolverine,Люди Икс: Начало. Росомаха (2009),28.06.2011,9
81288,https://www.kinopoisk.ru/film/81288/,Transformers,Трансформеры (2007),28.06.2011,9
468551,https://www.kinopoisk.ru/film/468551/,Hanna,Ханна. Совершенное оружие (2010),28.06.2011,5
309475,https://www.kinopoisk.ru/film/309475/,Valkyrie,Операция «Валькирия» (2008),27.06.2011,10
102198,https://www.kinopoisk.ru/film/102198/,The Illusionist,Иллюзионист (2005),18.06.2011,10
418761,https://www.kinopoisk.ru/film/418761/,Jonah Hex,Джона Хекс (2010),16.06.2011,3
447301,https://www.kinopoisk.ru/film/447301/,Inception,Начало (2010),10.06.2011,10
87789,https://www.kinopoisk.ru/film/87789/,Next,Пророк (2007),09.06.2011,9
32898,https://www.kinopoisk.ru/film/32898/,Knockin' on Heaven's Door,Достучаться до небес (1997),06.06.2011,10
437555,https://www.kinopoisk.ru/film/437555/,Zweiohrküken,Красавчик 2 (2009),06.06.2011,8
493768,https://www.kinopoisk.ru/film/493768/, ,Ёлки (2010),06.06.2011,8
391766,https://www.kinopoisk.ru/film/391766/,Meet the Spartans,Знакомство со спартанцами (2008),06.06.2011,5
432394,https://www.kinopoisk.ru/film/432394/, ,ЛОпуХИ: Эпизод первый (2009),06.06.2011,3
416089,https://www.kinopoisk.ru/film/416089/, ,Самый лучший фильм 2 (2009),06.06.2011,5
277385,https://www.kinopoisk.ru/film/277385/, ,Самый лучший фильм (2007),06.06.2011,3
195941,https://www.kinopoisk.ru/film/195941/,Superhero Movie,Супергеройское кино (2008),06.06.2011,5
409880,https://www.kinopoisk.ru/film/409880/,Disaster Movie,Нереальный блокбастер (2008),06.06.2011,2
432723,https://www.kinopoisk.ru/film/432723/,Gulliver's Travels,Путешествия Гулливера (2010),05.06.2011,5
413447,https://www.kinopoisk.ru/film/413447/,2012,2012 (2009),05.06.2011,4
102510,https://www.kinopoisk.ru/film/102510/,Knowing,Знамение (2009),05.06.2011,8
105397,https://www.kinopoisk.ru/film/105397/,Push,Пятое измерение (2009),05.06.2011,7
413485,https://www.kinopoisk.ru/film/413485/,Stan Helsing,Стан Хельсинг (2009),03.06.2011,3
427076,https://www.kinopoisk.ru/film/427076/,Pirates of the Caribbean: On Stranger Tides,Пираты Карибского моря: На странных берегах (2011),03.06.2011,10
195394,https://www.kinopoisk.ru/film/195394/,Prince of Persia: The Sands of Time,Принц Персии: Пески времени (2010),02.06.2011,7
468872,https://www.kinopoisk.ru/film/468872/,I Am Number Four,Я – Четвертый (2011),01.06.2011,7
404377,https://www.kinopoisk.ru/film/404377/, ,Очень русский детектив (2008),31.05.2011,4
397494,https://www.kinopoisk.ru/film/397494/,District 9,Район №9 (2009),27.05.2011,9
416090,https://www.kinopoisk.ru/film/416090/, ,Наша Russia: Яйца судьбы (2010),27.05.2011,5
468189,https://www.kinopoisk.ru/film/468189/, ,Самый лучший фильм 3-ДЭ (2011),27.05.2011,5
399959,https://www.kinopoisk.ru/film/399959/,Tron,Трон: Наследие (2010),27.05.2011,6
279850,https://www.kinopoisk.ru/film/279850/,Marley & Me,Марли и я (2008),27.05.2011,8
418794,https://www.kinopoisk.ru/film/418794/,Banlieue 13 Ultimatum,13-й район: Ультиматум (2009),10.05.2011,6
290751,https://www.kinopoisk.ru/film/290751/,The Green Hornet,Зелёный Шершень (2011),08.05.2011,7
81728,https://www.kinopoisk.ru/film/81728/,Jarhead,Морпехи (2005),29.04.2011,6
276762,https://www.kinopoisk.ru/film/276762/,Harry Potter and the Deathly Hallows: Part 1,Гарри Поттер и Дары Смерти: Часть I (2010),15.04.2011,9
405609,https://www.kinopoisk.ru/film/405609/,Alice in Wonderland,Алиса в Стране чудес (2010),23.03.2011,8
417855,https://www.kinopoisk.ru/film/417855/,The Last Airbender,Повелитель стихий (2010),23.03.2011,5
305,https://www.kinopoisk.ru/film/305/,Phone Booth,Телефонная будка (2002),18.03.2011,8
105948,https://www.kinopoisk.ru/film/105948/,Scott Pilgrim vs. the World,Скотт Пилигрим против всех (2010),16.02.2011,5
252641,https://www.kinopoisk.ru/film/252641/,Watchmen,Хранители (2009),16.02.2011,8
419200,https://www.kinopoisk.ru/film/419200/,Kick-Ass,Пипец (2010),16.02.2011,10
474787,https://www.kinopoisk.ru/film/474787/, ,Глухарь в кино (2010),16.02.2011,9
271802,https://www.kinopoisk.ru/film/271802/,Brüno,Бруно (2009),14.02.2011,4
493223,https://www.kinopoisk.ru/film/493223/,Skyline,Скайлайн (2010),30.01.2011,9
391277,https://www.kinopoisk.ru/film/391277/,Repo Men,Потрошители (2009),29.01.2011,7
429836,https://www.kinopoisk.ru/film/429836/,Love at First Hiccup,ПоцелуйчИК (2009),29.01.2011,9
3954,https://www.kinopoisk.ru/film/3954/,Enemy of the State,Враг государства (1998),29.01.2011,7
429739,https://www.kinopoisk.ru/film/429739/,The Sorcerer's Apprentice,Ученик чародея (2010),29.01.2011,3
260526,https://www.kinopoisk.ru/film/260526/,Epic Movie,Очень эпическое кино (2007),23.01.2011,1
279627,https://www.kinopoisk.ru/film/279627/,Keinohrhasen,Красавчик (2007),16.01.2011,10
508161,https://www.kinopoisk.ru/series/508161/,The Walking Dead,"Ходячие мертвецы (сериал, 2010 – 2022)",14.12.2010,10
447284,https://www.kinopoisk.ru/film/447284/,Salt,Солт (2010),09.11.2010,5
81583,https://www.kinopoisk.ru/film/81583/,The Fountain,Фонтан (2006),09.11.2010,9
47382,https://www.kinopoisk.ru/film/47382/,The Jacket,Пиджак (2004),09.11.2010,10
403986,https://www.kinopoisk.ru/film/403986/,Percy Jackson & the Olympians: The Lightning Thief,Перси Джексон и похититель молний (2010),10.08.2010,3
468123,https://www.kinopoisk.ru/film/468123/, ,Мы из будущего 2 (2010),07.08.2010,4
260315,https://www.kinopoisk.ru/film/260315/, ,Мы из будущего (2008),07.08.2010,8
451258,https://www.kinopoisk.ru/film/451258/, ,На игре 2. Новый уровень (2010),07.08.2010,2
424516,https://www.kinopoisk.ru/film/424516/, ,На игре (2009),07.08.2010,5
96452,https://www.kinopoisk.ru/film/96452/,The A-Team,Команда «А» (2010),07.08.2010,10
391772,https://www.kinopoisk.ru/film/391772/,Yes Man,Всегда говори «ДА» (2008),07.08.2010,10
255129,https://www.kinopoisk.ru/film/255129/,Star Trek,Звездный путь (2009),03.04.2010,9
426004,https://www.kinopoisk.ru/film/426004/,The Hangover,Мальчишник в Вегасе (2009),02.04.2010,10
406397,https://www.kinopoisk.ru/film/406397/,Tooth Fairy,Зубная фея (2009),02.04.2010,8
404366,https://www.kinopoisk.ru/film/404366/,Paranormal Activity,Паранормальное явление (2007),02.04.2010,9
102474,https://www.kinopoisk.ru/film/102474/,Borat: Cultural Learnings of America for Make Benefit Glorious Nation of Kazakhstan,Борат (2006),02.04.2010,9
387556,https://www.kinopoisk.ru/film/387556/,Hachi: A Dog's Tale,Хатико: Самый верный друг (2008),02.04.2010,10
427122,https://www.kinopoisk.ru/film/427122/,Zombieland,Добро пожаловать в Zомбилэнд (2009),02.04.2010,10
251733,https://www.kinopoisk.ru/film/251733/,Avatar,Аватар (2009),02.04.2010,9
