kp_id,kp_url,kp_full_name,name,vote_date,vote
342,https://www.kinopoisk.ru/film/342/,Криминальное чтиво (1994),Pulp Fiction,15.10.2022,8
5930,https://www.kinopoisk.ru/film/5930/,Трудности перевода (2003),Lost in Translation,08.10.2022,7
428683,https://www.kinopoisk.ru/film/428683/,Армия мертвецов (2021),Army of the Dead,17.09.2022,7
857533,https://www.kinopoisk.ru/film/857533/,Мина (2016),Mine,09.09.2022,5
1301880,https://www.kinopoisk.ru/film/1301880/,Семейный бюджет (2021), ,06.09.2022,7
897725,https://www.kinopoisk.ru/film/897725/,Охотники за привидениями: Наследники (2021),Ghostbusters: Afterlife,27.08.2022,5
817969,https://www.kinopoisk.ru/film/817969/,Убийство в Восточном экспрессе (2017),Murder on the Orient Express,13.08.2022,7
1103803,https://www.kinopoisk.ru/film/1103803/,Смерть на Ниле (2020),Death on the Nile,13.08.2022,4
1047881,https://www.kinopoisk.ru/film/1047881/,Во всё тяжкое (2018),The Professor,13.08.2022,7
1108682,https://www.kinopoisk.ru/series/1108682/,"Эпидемия (сериал, 2018 – ...)", ,31.07.2022,7
1150547,https://www.kinopoisk.ru/film/1150547/,Любовь между строк (2019),Gut gegen Nordwind,23.07.2022,6
1008445,https://www.kinopoisk.ru/film/1008445/,Человек-паук: Вдали от дома (2019),Spider-Man: Far from Home,19.06.2022,6
1309570,https://www.kinopoisk.ru/film/1309570/,Человек-паук: Нет пути домой (2021),Spider-Man: No Way Home,18.06.2022,9
677893,https://www.kinopoisk.ru/film/677893/,Стажёр (2015),The Intern,11.06.2022,8
462482,https://www.kinopoisk.ru/film/462482/,Мартовские иды (2011),The Ides of March,21.05.2022,5
161094,https://www.kinopoisk.ru/film/161094/,Вторжение (2007),The Invasion,14.05.2022,4
781432,https://www.kinopoisk.ru/film/781432/,14+ (2015), ,01.05.2022,7
1355139,https://www.kinopoisk.ru/film/1355139/,Лулу и Бриггс (2021),Dog,25.04.2022,8
197532,https://www.kinopoisk.ru/film/197532/,Из машины (2014),Ex Machina,16.04.2022,7
1326397,https://www.kinopoisk.ru/film/1326397/,Батя (2020), ,15.04.2022,7
838043,https://www.kinopoisk.ru/film/838043/,Визит (2015),The Visit,09.04.2022,8
930000,https://www.kinopoisk.ru/film/930000/,Почему он? (2016),Why Him?,02.04.2022,7
458,https://www.kinopoisk.ru/film/458/,Корпорация монстров (2001),"Monsters, Inc.",26.03.2022,10
4542882,https://www.kinopoisk.ru/film/4542882/,Поездка на выходные (2022),The Weekend Away,07.03.2022,7
1238476,https://www.kinopoisk.ru/film/1238476/,Бесконечность (2021),Infinite,05.03.2022,3
661911,https://www.kinopoisk.ru/film/661911/,Голодные игры: Сойка-пересмешница. Часть I (2014),The Hunger Games: Mockingjay - Part 1,22.02.2022,5
1368311,https://www.kinopoisk.ru/film/1368311/,Черный ящик (2020),Boîte noire,20.02.2022,9
317,https://www.kinopoisk.ru/film/317/,Любовь с уведомлением (2002),Two Weeks Notice,14.02.2022,5
103734,https://www.kinopoisk.ru/film/103734/,Кунг-фу Панда (2008),Kung Fu Panda,13.02.2022,8
1282222,https://www.kinopoisk.ru/film/1282222/,Мой любимый враг (2021),The Hating Game,13.02.2022,5
321842,https://www.kinopoisk.ru/film/321842/,Предложение (2009),The Proposal,05.02.2022,5
1252962,https://www.kinopoisk.ru/film/1252962/,"Гудбай, Америка (2020)", ,29.01.2022,3
318,https://www.kinopoisk.ru/film/318/,Ограбление по-итальянски (2003),The Italian Job,28.01.2022,6
928391,https://www.kinopoisk.ru/film/928391/,Девушка в поезде (2016),The Girl on the Train,22.01.2022,8
1309596,https://www.kinopoisk.ru/film/1309596/,Никто (2021),Nobody,16.01.2022,10
86646,https://www.kinopoisk.ru/film/86646/,Любовь и прочие неприятности (2006),Failure to Launch,15.01.2022,6
1199100,https://www.kinopoisk.ru/film/1199100/,Главный герой (2021),Free Guy,14.01.2022,7
840372,https://www.kinopoisk.ru/film/840372/,Шазам! (2019),Shazam!,10.01.2022,6
1008477,https://www.kinopoisk.ru/film/1008477/,Отряд самоубийц: Миссия навылет (2021),The Suicide Squad,08.01.2022,7
1046969,https://www.kinopoisk.ru/film/1046969/,Чудо-женщина: 1984 (2020),Wonder Woman 1984,08.01.2022,3
1227967,https://www.kinopoisk.ru/film/1227967/,Веном 2 (2021),Venom: Let There Be Carnage,06.01.2022,3
48356,https://www.kinopoisk.ru/film/48356/,Гарри Поттер и Орден Феникса (2007),Harry Potter and the Order of the Phoenix,04.01.2022,8
322,https://www.kinopoisk.ru/film/322/,Гарри Поттер и узник Азкабана (2004),Harry Potter and the Prisoner of Azkaban,03.01.2022,8
8408,https://www.kinopoisk.ru/film/8408/,Гарри Поттер и Кубок огня (2005),Harry Potter and the Goblet of Fire,03.01.2022,9
688,https://www.kinopoisk.ru/film/688/,Гарри Поттер и Тайная комната (2002),Harry Potter and the Chamber of Secrets,02.01.2022,9
1338480,https://www.kinopoisk.ru/film/1338480/,Не смотрите наверх (2021),Don't Look Up,02.01.2022,8
4716622,https://www.kinopoisk.ru/film/4716622/,Гарри Поттер 20 лет спустя: Возвращение в Хогвартс (2022),Harry Potter 20th Anniversary: Return to Hogwarts,01.01.2022,8
1346996,https://www.kinopoisk.ru/film/1346996/,Рождество на льду (2020),Christmas on Ice,29.12.2021,5
6144,https://www.kinopoisk.ru/film/6144/,Реальная любовь (2003),Love Actually,25.12.2021,9
463070,https://www.kinopoisk.ru/film/463070/,Экстрасенсы (2014),Solace,18.12.2021,4
1423831,https://www.kinopoisk.ru/film/1423831/,Замок к Рождеству (2021),A Castle for Christmas,05.12.2021,5
1007921,https://www.kinopoisk.ru/film/1007921/,Сама жизнь (2018),Life Itself,27.11.2021,9
1115099,https://www.kinopoisk.ru/film/1115099/,Красное уведомление (2021),Red Notice,19.11.2021,6
1036188,https://www.kinopoisk.ru/film/1036188/,Быть Астрид Линдгрен (2018),Unga Astrid,16.11.2021,5
804662,https://www.kinopoisk.ru/film/804662/,Круэлла (2021),Cruella,16.11.2021,5
965936,https://www.kinopoisk.ru/film/965936/,Годзилла против Конга (2021),Godzilla vs. Kong,16.11.2021,3
1403664,https://www.kinopoisk.ru/film/1403664/,Армия воров (2021),Army of Thieves,06.11.2021,5
1179555,https://www.kinopoisk.ru/film/1179555/,Взаперти (2020),Run,03.11.2021,6
848894,https://www.kinopoisk.ru/film/848894/,Вторая жизнь Уве (2015),En man som heter Ove,03.11.2021,7
1301710,https://www.kinopoisk.ru/series/1301710/,"Игра в кальмара (сериал, 2021 – ...)",Ojingeo geim,16.10.2021,7
825,https://www.kinopoisk.ru/film/825/,Тень вампира (2000),Shadow of the Vampire,10.10.2021,7
1254059,https://www.kinopoisk.ru/film/1254059/,Доктор Лиза (2020), ,02.10.2021,8
468581,https://www.kinopoisk.ru/film/468581/,Голодные игры (2012),The Hunger Games,26.09.2021,7
409424,https://www.kinopoisk.ru/film/409424/,Дюна (2021),Dune: Part One,26.09.2021,7
1209777,https://www.kinopoisk.ru/film/1209777/,Уроки фарси (2020),Persian Lessons,24.09.2021,9
462606,https://www.kinopoisk.ru/film/462606/,Области тьмы (2011),Limitless,17.09.2021,7
1183599,https://www.kinopoisk.ru/film/1183599/,Огонь (2020), ,27.08.2021,6
21540,https://www.kinopoisk.ru/film/21540/,Переступить черту (2005),Walk the Line,14.08.2021,7
497233,https://www.kinopoisk.ru/film/497233/,"Значит, война (2012)",This Means War,08.08.2021,6
689,https://www.kinopoisk.ru/film/689/,Гарри Поттер и философский камень (2001),Harry Potter and the Sorcerer's Stone,01.08.2021,10
1060511,https://www.kinopoisk.ru/film/1060511/,Зов предков (2020),The Call of the Wild,10.07.2021,8
994864,https://www.kinopoisk.ru/film/994864/,Покемон. Детектив Пикачу (2019),Pokémon: Detective Pikachu,06.06.2021,4
1109271,https://www.kinopoisk.ru/film/1109271/,Майор Гром: Чумной Доктор (2021), ,21.05.2021,7
470191,https://www.kinopoisk.ru/film/470191/,Невероятный мир глазами Энцо (2019),The Art of Racing in the Rain,15.05.2021,10
1146252,https://www.kinopoisk.ru/film/1146252/,Пиноккио (2019),Pinocchio,14.05.2021,3
1080513,https://www.kinopoisk.ru/film/1080513/,Вперёд (2019),Onward,05.05.2021,7
1236567,https://www.kinopoisk.ru/film/1236567/,"Девушка, подающая надежды (2020)",Promising Young Woman,04.05.2021,8
1318972,https://www.kinopoisk.ru/film/1318972/,Гнев человеческий (2021),Wrath of Man,25.04.2021,6
463418,https://www.kinopoisk.ru/film/463418/,Любовный переплет (2012),The Oranges,23.04.2021,5
464573,https://www.kinopoisk.ru/film/464573/,Ищу друга на конец света (2011),Seeking a Friend for the End of the World,16.04.2021,3
739642,https://www.kinopoisk.ru/film/739642/,Эверест (2015),Everest,09.04.2021,9
893245,https://www.kinopoisk.ru/film/893245/,Основатель (2016),The Founder,03.04.2021,7
1117379,https://www.kinopoisk.ru/film/1117379/,Поменяться местами (2019),Mon inconnue,02.04.2021,7
1021046,https://www.kinopoisk.ru/film/1021046/,Переводчики (2019),Les traducteurs,28.03.2021,6
1236063,https://www.kinopoisk.ru/film/1236063/,Довод (2020),Tenet,26.03.2021,7
279880,https://www.kinopoisk.ru/film/279880/,Подмена (2008),Changeling,19.03.2021,7
6034,https://www.kinopoisk.ru/film/6034/,Невероятная жизнь Уолтера Митти (2013),The Secret Life of Walter Mitty,13.03.2021,8
1188248,https://www.kinopoisk.ru/film/1188248/,Калашников (2020), ,05.03.2021,5
195435,https://www.kinopoisk.ru/film/195435/,Еще одна из рода Болейн (2008),The Other Boleyn Girl,26.02.2021,7
1189859,https://www.kinopoisk.ru/film/1189859/,Неадекватные люди 2 (2020), ,20.02.2021,7
461799,https://www.kinopoisk.ru/film/461799/,Письма к Джульетте (2010),Letters to Juliet,14.02.2021,6
829368,https://www.kinopoisk.ru/film/829368/,Прогулка (2015),The Walk,14.02.2021,7
826373,https://www.kinopoisk.ru/film/826373/,Дело Ричарда Джуэлла (2019),Richard Jewell,29.01.2021,8
81873,https://www.kinopoisk.ru/film/81873/,Иллюзия полета (2005),Flightplan,15.01.2021,8
957887,https://www.kinopoisk.ru/film/957887/,Клаус (2019),Klaus,08.01.2021,9
2656,https://www.kinopoisk.ru/film/2656/,Пятый элемент (1997),The Fifth Element,27.12.2020,7
1395366,https://www.kinopoisk.ru/series/1395366/,"Игра на выживание (сериал, 2020 – ...)", ,25.12.2020,6
1108690,https://www.kinopoisk.ru/series/1108690/,"Перевал Дятлова (сериал, 2020)", ,19.12.2020,7
1199625,https://www.kinopoisk.ru/film/1199625/,Глубже! (2020), ,18.12.2020,7
926540,https://www.kinopoisk.ru/film/926540/,Миссия невыполнима: Последствия (2018),Mission: Impossible - Fallout,17.12.2020,6
420454,https://www.kinopoisk.ru/film/420454/,Человек-невидимка (2020),The Invisible Man,05.12.2020,7
678549,https://www.kinopoisk.ru/film/678549/,Миссия невыполнима: Племя изгоев (2015),Mission: Impossible - Rogue Nation,03.12.2020,8
823594,https://www.kinopoisk.ru/series/823594/,"Вечность (сериал, 2014 – 2015)",Forever,30.11.2020,8
737859,https://www.kinopoisk.ru/film/737859/,Ночные игры (2018),Game Night,27.11.2020,6
1263485,https://www.kinopoisk.ru/series/1263485/,"Дивный новый мир (сериал, 2020)",Brave New World,17.11.2020,5
472362,https://www.kinopoisk.ru/film/472362/,Миссия невыполнима: Протокол Фантом (2011),Mission: Impossible - Ghost Protocol,30.10.2020,7
9552,https://www.kinopoisk.ru/film/9552/,Миссия: невыполнима 3 (2006),Mission: Impossible III,22.10.2020,7
1167867,https://www.kinopoisk.ru/film/1167867/,Стрельцов (2020), ,20.10.2020,6
842913,https://www.kinopoisk.ru/film/842913/,Колония Дигнидад (2015),Colonia,16.10.2020,8
586399,https://www.kinopoisk.ru/film/586399/,Транс (2013),Trance,02.10.2020,5
437678,https://www.kinopoisk.ru/film/437678/,Судья Дредд (2012),Dredd,26.09.2020,7
1183824,https://www.kinopoisk.ru/series/1183824/,"Ужиться с самим собой (сериал, 2019)",Living with Yourself,25.09.2020,6
889091,https://www.kinopoisk.ru/film/889091/,Нерв (2016),Nerve,21.09.2020,6
3447,https://www.kinopoisk.ru/film/3447/,Миссия: невыполнима 2 (2000),Mission: Impossible II,19.09.2020,5
3961,https://www.kinopoisk.ru/film/3961/,Миссия: невыполнима (1996),Mission: Impossible,19.09.2020,9
1312007,https://www.kinopoisk.ru/series/1312007/,"Чики (сериал, 2020)", ,15.09.2020,9
455194,https://www.kinopoisk.ru/film/455194/,Пленницы (2013),Prisoners,04.09.2020,9
1121377,https://www.kinopoisk.ru/film/1121377/,100 вещей и ничего лишнего (2018),100 Dinge,02.09.2020,7
1291338,https://www.kinopoisk.ru/series/1291338/,"Ничего смешного (мини-сериал, 2018 – ...)", ,01.09.2020,10
428711,https://www.kinopoisk.ru/film/428711/,Отпетые мошенницы (2019),The Hustle,29.08.2020,4
1009784,https://www.kinopoisk.ru/film/1009784/,Апгрейд (2018),Upgrade,29.08.2020,7
591535,https://www.kinopoisk.ru/film/591535/,Зеровилль (2019),Zeroville,22.08.2020,1
663191,https://www.kinopoisk.ru/film/663191/,Одноклассники 2 (2013),Grown Ups 2,19.08.2020,1
450345,https://www.kinopoisk.ru/film/450345/,Одноклассники (2010),Grown Ups,16.08.2020,8
841152,https://www.kinopoisk.ru/film/841152/,Славные парни (2016),The Nice Guys,11.08.2020,6
645118,https://www.kinopoisk.ru/film/645118/,Головоломка (2015),Inside Out,08.08.2020,8
1277987,https://www.kinopoisk.ru/series/1277987/,"Нормальные люди (мини-сериал, 2020)",Normal People,05.08.2020,3
1065805,https://www.kinopoisk.ru/film/1065805/,Клаустрофобы (2019),Escape Room,02.08.2020,6
1338525,https://www.kinopoisk.ru/film/1338525/,Добро пожаловать в Чечню (2020),Welcome to Chechnya,12.07.2020,9
490323,https://www.kinopoisk.ru/film/490323/,Притворись моей женой (2011),Just Go with It,04.07.2020,6
1990,https://www.kinopoisk.ru/film/1990/,На гребне волны (1991),Point Break,25.06.2020,7
276598,https://www.kinopoisk.ru/film/276598/,Драйв (2011),Drive,25.06.2020,4
1236319,https://www.kinopoisk.ru/film/1236319/,Венеция зовет (2019),Venise n'est pas en Italie,24.06.2020,5
939411,https://www.kinopoisk.ru/film/939411/,Мотылёк (2017),Papillon,09.06.2020,7
638053,https://www.kinopoisk.ru/film/638053/,Охотник на лис (2014),Foxcatcher,09.06.2020,6
1005878,https://www.kinopoisk.ru/film/1005878/,Король Лев (2019),The Lion King,06.06.2020,6
484628,https://www.kinopoisk.ru/film/484628/,Тайна 7 сестер (2017),What Happened to Monday,29.05.2020,5
1174226,https://www.kinopoisk.ru/film/1174226/,21 мост (2019),21 Bridges,22.05.2020,6
959365,https://www.kinopoisk.ru/film/959365/,Невидимый гость (2016),Contratiempo,15.05.2020,9
501333,https://www.kinopoisk.ru/film/501333/,Игра на понижение (2015),The Big Short,08.05.2020,6
1070927,https://www.kinopoisk.ru/film/1070927/,Виновный (2017),Den skyldige,01.05.2020,8
980347,https://www.kinopoisk.ru/film/980347/,Дыши ради нас (2017),Breathe,24.04.2020,7
1188529,https://www.kinopoisk.ru/film/1188529/,Достать ножи (2019),Knives Out,17.04.2020,10
1356380,https://www.kinopoisk.ru/film/1356380/,Съесть слона (2020), ,14.04.2020,8
489414,https://www.kinopoisk.ru/film/489414/,Zомбилэнд: Контрольный выстрел (2019),Zombieland: Double Tap,10.04.2020,8
1143242,https://www.kinopoisk.ru/film/1143242/,Джентльмены (2019),The Gentlemen,05.04.2020,10
1134778,https://www.kinopoisk.ru/film/1134778/,Платформа (2019),El hoyo,29.03.2020,9
1047883,https://www.kinopoisk.ru/film/1047883/,Однажды в… Голливуде (2019),Once Upon a Time in...  Hollywood,20.03.2020,5
905031,https://www.kinopoisk.ru/film/905031/,Собибор (2018), ,22.02.2020,4
929027,https://www.kinopoisk.ru/film/929027/,Курск (2018),Kursk,08.02.2020,6
1171976,https://www.kinopoisk.ru/film/1171976/,1917 (2019),1917,05.02.2020,10
1115630,https://www.kinopoisk.ru/series/1115630/,"Ты (сериал, 2018 – ...)",You,01.02.2020,6
1047626,https://www.kinopoisk.ru/film/1047626/,Дождливый день в Нью-Йорке (2019),A Rainy Day in New York,05.01.2020,9
1046033,https://www.kinopoisk.ru/film/1046033/,Сторож (2019), ,04.01.2020,6
607031,https://www.kinopoisk.ru/film/607031/,Пусть идёт снег (2019),Let It Snow,02.01.2020,5
1169469,https://www.kinopoisk.ru/series/1169469/,"Невозможно поверить (мини-сериал, 2019)",Unbelievable,28.12.2019,10
686898,https://www.kinopoisk.ru/film/686898/,Оно 2 (2019),It Chapter Two,22.12.2019,3
1093170,https://www.kinopoisk.ru/film/1093170/,Черный клановец (2018),BlacKkKlansman,07.12.2019,6
1162846,https://www.kinopoisk.ru/film/1162846/,Бабушка лёгкого поведения 2. Престарелые мстители (2019), ,02.12.2019,2
839650,https://www.kinopoisk.ru/film/839650/,Суперсемейка 2 (2018),Incredibles 2,16.11.2019,8
463354,https://www.kinopoisk.ru/film/463354/,Петля времени (2012),Looper,03.11.2019,6
736206,https://www.kinopoisk.ru/film/736206/,Лок (2013),Locke,20.10.2019,7
1199596,https://www.kinopoisk.ru/film/1199596/,"Гори, гори ясно (2019)",Brightburn,19.10.2019,4
496,https://www.kinopoisk.ru/film/496/,Особое мнение (2002),Minority Report,13.10.2019,9
837552,https://www.kinopoisk.ru/film/837552/,Сделано в Америке (2017),American Made,05.10.2019,6
1048334,https://www.kinopoisk.ru/film/1048334/,Джокер (2019),Joker,04.10.2019,5
1007049,https://www.kinopoisk.ru/film/1007049/,Аладдин (2019),Aladdin,21.09.2019,5
993591,https://www.kinopoisk.ru/film/993591/,Завод (2018), ,16.09.2019,7
922029,https://www.kinopoisk.ru/film/922029/,Щегол (2019),The Goldfinch,13.09.2019,10
1044906,https://www.kinopoisk.ru/film/1044906/,Тихое место (2018),A Quiet Place,25.08.2019,4
1108577,https://www.kinopoisk.ru/film/1108577/,Зеленая книга (2018),Green Book,24.08.2019,9
3908,https://www.kinopoisk.ru/film/3908/,Плохие парни (1995),Bad Boys,23.08.2019,6
908691,https://www.kinopoisk.ru/film/908691/,Шафт (2019),Shaft,23.08.2019,5
88173,https://www.kinopoisk.ru/film/88173/,Алита: Боевой ангел (2019),Alita: Battle Angel,11.08.2019,7
1044601,https://www.kinopoisk.ru/film/1044601/,Стекло (2019),Glass,09.08.2019,9
976520,https://www.kinopoisk.ru/film/976520/,Подстава (2018),Set It Up,03.08.2019,5
1163897,https://www.kinopoisk.ru/film/1163897/,Похищая Стеллу (2019),Kidnapping Stella,23.07.2019,5
1219425,https://www.kinopoisk.ru/film/1219425/,Тайная одержимость (2019),Secret Obsession,21.07.2019,4
1043758,https://www.kinopoisk.ru/film/1043758/,Паразиты (2019),Gisaengchung,16.07.2019,10
761933,https://www.kinopoisk.ru/film/761933/,Я – начало (2014),I Origins,12.07.2019,10
1227803,https://www.kinopoisk.ru/series/1227803/,"Чернобыль (мини-сериал, 2019)",Chernobyl,09.07.2019,10
1154641,https://www.kinopoisk.ru/film/1154641/,Идеальный бойфренд (2019),The Perfect Date,06.07.2019,6
505995,https://www.kinopoisk.ru/film/505995/,Убийство на яхте (2019),Murder Mystery,06.07.2019,5
843479,https://www.kinopoisk.ru/film/843479/,Фантастические твари: Преступления Грин-де-Вальда (2018),Fantastic Beasts: The Crimes of Grindelwald,31.05.2019,5
1224066,https://www.kinopoisk.ru/series/1224066/,"Толя-робот (сериал, 2019)", ,30.05.2019,9
299,https://www.kinopoisk.ru/film/299/,Матрица: Перезагрузка (2003),The Matrix Reloaded,26.05.2019,8
301,https://www.kinopoisk.ru/film/301/,Матрица (1999),The Matrix,06.05.2019,9
1009413,https://www.kinopoisk.ru/film/1009413/,Лето (2018), ,04.05.2019,10
842408,https://www.kinopoisk.ru/series/842408/,"Лондонград. Знай наших (сериал, 2015)", ,02.05.2019,7
1254103,https://www.kinopoisk.ru/film/1254103/,Homecoming: A Film by Beyoncé (2019), ,18.04.2019,9
463634,https://www.kinopoisk.ru/film/463634/,Веном (2018),Venom,13.04.2019,5
942396,https://www.kinopoisk.ru/film/942396/,"Дом, который построил Джек (2018)",The House That Jack Built,07.04.2019,7
1040690,https://www.kinopoisk.ru/film/1040690/,Середина 90-х (2018),Mid90s,17.03.2019,10
1142619,https://www.kinopoisk.ru/film/1142619/,Громкая связь (2018), ,13.03.2019,3
894027,https://www.kinopoisk.ru/film/894027/,Форсаж 8 (2017),The Fate of the Furious,10.03.2019,7
568289,https://www.kinopoisk.ru/film/568289/,Богемская рапсодия (2018),Bohemian Rhapsody,04.03.2019,7
623744,https://www.kinopoisk.ru/film/623744/,Побочный эффект (2013),Side Effects,24.02.2019,9
463803,https://www.kinopoisk.ru/film/463803/,Человек на Луне (2018),First Man,09.02.2019,5
596274,https://www.kinopoisk.ru/film/596274/,Прогулка среди могил (2014),A Walk Among the Tombstones,08.02.2019,3
4250,https://www.kinopoisk.ru/film/4250/,Четыре комнаты (1995),Four Rooms,31.01.2019,7
1224670,https://www.kinopoisk.ru/film/1224670/,Черное зеркало. Бандерснэтч (2018),Black Mirror: Bandersnatch,31.01.2019,8
1047143,https://www.kinopoisk.ru/film/1047143/,Ничего хорошего в отеле «Эль Рояль» (2018),Bad Times at the El Royale,27.01.2019,10
474935,https://www.kinopoisk.ru/film/474935/,Звезда родилась (2018),A Star Is Born,26.01.2019,5
1074393,https://www.kinopoisk.ru/film/1074393/,Каяани (2017),Kajaani,18.01.2019,8
1176661,https://www.kinopoisk.ru/film/1176661/,Наблюдатель (2017),Voyeur,18.01.2019,7
1119439,https://www.kinopoisk.ru/film/1119439/,Тигр (2018),Tiikeri,18.01.2019,4
1147293,https://www.kinopoisk.ru/film/1147293/,Шведская классика (2017),A Swedish Classic,18.01.2019,7
1124657,https://www.kinopoisk.ru/film/1124657/,Juck (2018), ,18.01.2019,2
1104535,https://www.kinopoisk.ru/film/1104535/,Пошел ты (2018),Fuck You,18.01.2019,6
841518,https://www.kinopoisk.ru/film/841518/,Черепашки-ниндзя 2 (2016),Teenage Mutant Ninja Turtles: Out of the Shadows,12.01.2019,5
918087,https://www.kinopoisk.ru/film/918087/,Человек – швейцарский нож (2016),Swiss Army Man,11.01.2019,4
885316,https://www.kinopoisk.ru/film/885316/,Время первых (2017), ,10.01.2019,4
981230,https://www.kinopoisk.ru/film/981230/,Тренер (2018), ,09.01.2019,6
1045777,https://www.kinopoisk.ru/film/1045777/,Непрощенный (2018), ,09.01.2019,3
1049775,https://www.kinopoisk.ru/film/1049775/,Подбросы (2018), ,06.01.2019,2
586584,https://www.kinopoisk.ru/film/586584/,Семь психопатов (2012),Seven Psychopaths,05.01.2019,6
975249,https://www.kinopoisk.ru/film/975249/,"Здравствуй, папа, Новый год! 2 (2017)",Daddy's Home 2,04.01.2019,7
484428,https://www.kinopoisk.ru/film/484428/,"Здравствуй, папа, Новый год! (2015)",Daddy's Home,31.12.2018,7
944098,https://www.kinopoisk.ru/film/944098/,"Три билборда на границе Эббинга, Миссури (2017)","Three Billboards Outside Ebbing, Missouri",09.12.2018,8
981105,https://www.kinopoisk.ru/film/981105/,Бабушка лёгкого поведения (2017), ,08.12.2018,4
970196,https://www.kinopoisk.ru/film/970196/,Поиск (2018),Searching,23.11.2018,7
842037,https://www.kinopoisk.ru/film/842037/,Я худею (2018), ,18.11.2018,4
582358,https://www.kinopoisk.ru/series/582358/,"13 причин почему (сериал, 2017 – 2020)",13 Reasons Why,28.10.2018,8
893681,https://www.kinopoisk.ru/film/893681/,Черновик (2018), ,21.10.2018,2
979148,https://www.kinopoisk.ru/film/979148/,Назови меня своим именем (2017),Call Me by Your Name,20.10.2018,5
518040,https://www.kinopoisk.ru/film/518040/,Диктатор (2012),The Dictator,12.10.2018,2
958293,https://www.kinopoisk.ru/film/958293/,Леди Бёрд (2017),Lady Bird,01.10.2018,10
992605,https://www.kinopoisk.ru/film/992605/,Аритмия (2017), ,16.09.2018,5
909700,https://www.kinopoisk.ru/film/909700/,Как Витька Чеснок вёз Лёху Штыря в дом инвалидов (2017), ,01.09.2018,9
961715,https://www.kinopoisk.ru/film/961715/,Дэдпул 2 (2018),Deadpool 2,26.08.2018,9
950968,https://www.kinopoisk.ru/film/950968/,Монстры на каникулах 3: Море зовёт (2018),Hotel Transylvania 3: Summer Vacation,26.07.2018,5
705356,https://www.kinopoisk.ru/film/705356/,Левиафан (2014), ,15.07.2018,8
714564,https://www.kinopoisk.ru/film/714564/,Взрывная блондинка (2017),Atomic Blonde,22.06.2018,3
470173,https://www.kinopoisk.ru/film/470173/,Величайший шоумен (2017),The Greatest Showman,18.06.2018,3
538225,https://www.kinopoisk.ru/film/538225/,Первому игроку приготовиться (2018),Ready Player One,11.06.2018,10
797840,https://www.kinopoisk.ru/film/797840/,Фантастические твари и где они обитают (2016),Fantastic Beasts and Where to Find Them,01.06.2018,8
424994,https://www.kinopoisk.ru/film/424994/,Лига справедливости (2017),Justice League,30.04.2018,9
1006132,https://www.kinopoisk.ru/film/1006132/,Piter By (2016), ,24.03.2018,8
1111871,https://www.kinopoisk.ru/film/1111871/,Piter by Каста (2017), ,23.03.2018,6
925669,https://www.kinopoisk.ru/film/925669/,Идеальные незнакомцы (2015),Perfetti sconosciuti,13.03.2018,10
977743,https://www.kinopoisk.ru/film/977743/,Форма воды (2017),The Shape of Water,10.03.2018,8
453397,https://www.kinopoisk.ru/film/453397/,Оно (2017),It,08.03.2018,6
900052,https://www.kinopoisk.ru/film/900052/,Лёд (2017), ,24.02.2018,2
884376,https://www.kinopoisk.ru/film/884376/,Манчестер у моря (2016),Manchester by the Sea,23.02.2018,8
42736,https://www.kinopoisk.ru/film/42736/,Офицеры (1971), ,23.02.2018,9
1008385,https://www.kinopoisk.ru/film/1008385/,Тоня против всех (2017),"I, Tonya",18.02.2018,10
835877,https://www.kinopoisk.ru/film/835877/,Телохранитель киллера (2017),The Hitman's Bodyguard,10.02.2018,4
840817,https://www.kinopoisk.ru/film/840817/,Движение вверх (2017), ,03.02.2018,10
906654,https://www.kinopoisk.ru/film/906654/,Kingsman: Золотое кольцо (2017),Kingsman: The Golden Circle,21.01.2018,10
930534,https://www.kinopoisk.ru/film/930534/,Сплит (2017),Split,13.01.2018,10
902939,https://www.kinopoisk.ru/film/902939/,Малыш на драйве (2017),Baby Driver,10.01.2018,10
707407,https://www.kinopoisk.ru/film/707407/,Викинг (2016), ,08.01.2018,5
471158,https://www.kinopoisk.ru/film/471158/,Выкрутасы (2010), ,08.01.2018,4
931677,https://www.kinopoisk.ru/film/931677/,Дюнкерк (2017),Dunkirk,06.01.2018,5
841263,https://www.kinopoisk.ru/film/841263/,Стражи Галактики. Часть 2 (2017),Guardians of the Galaxy Vol. 2,30.12.2017,7
840261,https://www.kinopoisk.ru/film/840261/,Кухня. Последняя битва (2017), ,02.12.2017,3
690593,https://www.kinopoisk.ru/film/690593/,Человек-паук: Возвращение домой (2017),Spider-Man: Homecoming,27.11.2017,7
184417,https://www.kinopoisk.ru/film/184417/,Пила 3 (2006),Saw III,26.11.2017,5
839818,https://www.kinopoisk.ru/film/839818/,Экипаж (2016), ,20.11.2017,5
86206,https://www.kinopoisk.ru/film/86206/,Пила 2 (2005),Saw II,07.11.2017,7
840250,https://www.kinopoisk.ru/film/840250/,Притяжение (2017), ,04.11.2017,4
762738,https://www.kinopoisk.ru/film/762738/,Джон Уик (2014),John Wick,26.10.2017,4
948999,https://www.kinopoisk.ru/film/948999/,Жених (2016), ,19.10.2017,4
923510,https://www.kinopoisk.ru/film/923510/,Сахар (2014),That Sugar Film,10.09.2017,10
64187,https://www.kinopoisk.ru/film/64187/,Пила: Игра на выживание (2004),Saw,12.08.2017,9
63912,https://www.kinopoisk.ru/film/63912/,Укрощение строптивого (1980),Il bisbetico domato,11.08.2017,10
8932,https://www.kinopoisk.ru/film/8932/,Гарфилд (2004),Garfield,09.08.2017,7
462553,https://www.kinopoisk.ru/film/462553/,Железная хватка (2010),True Grit,09.08.2017,5
104924,https://www.kinopoisk.ru/film/104924/,Идеальный незнакомец (2007),Perfect Stranger,09.08.2017,9
696977,https://www.kinopoisk.ru/film/696977/,Теорема Зеро (2013),The Zero Theorem,06.08.2017,5
927771,https://www.kinopoisk.ru/film/927771/,Одноклассницы (2016), ,05.08.2017,1
601564,https://www.kinopoisk.ru/film/601564/,Легенда №17 (2012), ,05.08.2017,3
678997,https://www.kinopoisk.ru/film/678997/,Инфекция (2013),Contracted,02.08.2017,4
462662,https://www.kinopoisk.ru/film/462662/,Охотник за головами (2010),The Bounty Hunter,02.08.2017,4
4840,https://www.kinopoisk.ru/film/4840/,Госпожа горничная (2002),Maid in Manhattan,02.08.2017,5
78750,https://www.kinopoisk.ru/film/78750/,Беги без оглядки (2005),Running Scared,02.08.2017,8
371,https://www.kinopoisk.ru/film/371/,Спасти рядового Райана (1998),Saving Private Ryan,29.07.2017,10
280938,https://www.kinopoisk.ru/film/280938/,Адмиралъ (2008), ,22.07.2017,5
409295,https://www.kinopoisk.ru/film/409295/,Исходный код (2011),Source Code,21.07.2017,8
760829,https://www.kinopoisk.ru/film/760829/,Связь (2012),Coherence,09.07.2017,10
524631,https://www.kinopoisk.ru/film/524631/,Экспат (2011),Erased,01.07.2017,3
966995,https://www.kinopoisk.ru/film/966995/,Живое (2017),Life,11.06.2017,9
102383,https://www.kinopoisk.ru/film/102383/,Чудо-женщина (2017),Wonder Woman,10.06.2017,7
695548,https://www.kinopoisk.ru/film/695548/,Чужой: Завет (2017),Alien: Covenant,30.05.2017,9
780470,https://www.kinopoisk.ru/film/780470/,Инферно (2016),Inferno,28.05.2017,6
271513,https://www.kinopoisk.ru/film/271513/,Дикари (2006), ,06.05.2017,5
485261,https://www.kinopoisk.ru/film/485261/,Убойные каникулы (2010),Tucker and Dale vs Evil,04.05.2017,7
690615,https://www.kinopoisk.ru/film/690615/,Кредо убийцы (2016),Assassin's Creed,22.04.2017,2
742026,https://www.kinopoisk.ru/film/742026/,Битва за Севастополь (2015), ,12.04.2017,8
462754,https://www.kinopoisk.ru/film/462754/,Росомаха: Бессмертный (2013),The Wolverine,25.03.2017,6
807682,https://www.kinopoisk.ru/film/807682/,Логан (2017),Logan,09.03.2017,10
946883,https://www.kinopoisk.ru/film/946883/,"Гуляй, Вася! (2016)", ,26.02.2017,5
718811,https://www.kinopoisk.ru/film/718811/,Прибытие (2016),Arrival,23.02.2017,7
909898,https://www.kinopoisk.ru/film/909898/,Под покровом ночи (2016),Nocturnal Animals,23.02.2017,10
841081,https://www.kinopoisk.ru/film/841081/,Ла-Ла Ленд (2016),La La Land,29.01.2017,9
502838,https://www.kinopoisk.ru/series/502838/,"Шерлок (сериал, 2010 – 2017)",Sherlock,16.01.2017,8
602749,https://www.kinopoisk.ru/film/602749/,Парни со стволами (2016),War Dogs,07.01.2017,7
778218,https://www.kinopoisk.ru/film/778218/,Хардкор (2016), ,05.01.2017,9
470689,https://www.kinopoisk.ru/film/470689/,Пассажиры (2016),Passengers,04.01.2017,6
819101,https://www.kinopoisk.ru/film/819101/,Омерзительная восьмерка (2015),The Hateful Eight,03.01.2017,9
786958,https://www.kinopoisk.ru/film/786958/,Иллюзия обмана 2 (2016),Now You See Me 2,24.12.2016,6
814016,https://www.kinopoisk.ru/film/814016/,Люди Икс: Апокалипсис (2016),X-Men: Apocalypse,10.12.2016,10
468522,https://www.kinopoisk.ru/film/468522/,Отряд самоубийц (2016),Suicide Squad,03.12.2016,5
817245,https://www.kinopoisk.ru/film/817245/,Джек Ричер 2: Никогда не возвращайся (2016),Jack Reacher: Never Go Back,13.11.2016,4
840234,https://www.kinopoisk.ru/film/840234/,Дуэлянт (2016), ,04.10.2016,8
557804,https://www.kinopoisk.ru/film/557804/,Полный расколбас (2016),Sausage Party,16.09.2016,9
782792,https://www.kinopoisk.ru/film/782792/,Шпион (2015),Spy,11.09.2016,6
93377,https://www.kinopoisk.ru/film/93377/,Типа крутые легавые (2007),Hot Fuzz,05.07.2016,6
723988,https://www.kinopoisk.ru/film/723988/,Алиса в Зазеркалье (2016),Alice Through the Looking Glass,28.06.2016,5
843463,https://www.kinopoisk.ru/film/843463/,"Кловерфилд, 10 (2016)",10 Cloverfield Lane,19.06.2016,6
522,https://www.kinopoisk.ru/film/522/,"Карты, деньги, два ствола (1998)","Lock, Stock and Two Smoking Barrels",19.06.2016,10
436225,https://www.kinopoisk.ru/film/436225/,Терминатор: Генезис (2015),Terminator Genisys,04.06.2016,8
277328,https://www.kinopoisk.ru/film/277328/,Варкрафт (2016),Warcraft,26.05.2016,9
673910,https://www.kinopoisk.ru/film/673910/,Враг (2013),Enemy,03.05.2016,10
770631,https://www.kinopoisk.ru/film/770631/,Бэтмен против Супермена: На заре справедливости (2016),Batman v Superman: Dawn of Justice,07.04.2016,10
840754,https://www.kinopoisk.ru/film/840754/,А зори здесь тихие... (2015), ,01.04.2016,8
453406,https://www.kinopoisk.ru/film/453406/,Безумный Макс: Дорога ярости (2015),Mad Max: Fury Road,26.03.2016,8
775276,https://www.kinopoisk.ru/film/775276/,Зверополис (2016),Zootopia,17.03.2016,9
817506,https://www.kinopoisk.ru/series/817506/,"Флэш (сериал, 2014 – 2023)",The Flash,03.03.2016,5
596985,https://www.kinopoisk.ru/film/596985/,Виктор Франкенштейн (2015),Victor Frankenstein,23.02.2016,6
784455,https://www.kinopoisk.ru/film/784455/,Краденое свидание (2015),Man Up,16.02.2016,10
462360,https://www.kinopoisk.ru/film/462360/,Дэдпул (2016),Deadpool,14.02.2016,10
195496,https://www.kinopoisk.ru/film/195496/,Человек-муравей (2015),Ant-Man,20.01.2016,8
471642,https://www.kinopoisk.ru/film/471642/,Фантастическая четверка (2015),Fantastic Four,10.01.2016,3
841700,https://www.kinopoisk.ru/film/841700/,Марсианин (2015),The Martian,07.01.2016,10
518042,https://www.kinopoisk.ru/film/518042/,Агенты А.Н.К.Л. (2015),The Man from U.N.C.L.E.,01.01.2016,7
655435,https://www.kinopoisk.ru/film/655435/,Вне/себя (2015),Self/less,19.12.2015,4
760815,https://www.kinopoisk.ru/film/760815/,Стрингер (2013),Nightcrawler,11.12.2015,8
779602,https://www.kinopoisk.ru/film/779602/,Кто я (2014),Who Am I - Kein System ist sicher,28.11.2015,10
678552,https://www.kinopoisk.ru/film/678552/,007: СПЕКТР (2015),Spectre,13.11.2015,7
575613,https://www.kinopoisk.ru/film/575613/,Бегущий в лабиринте (2014),The Maze Runner,05.11.2015,9
195563,https://www.kinopoisk.ru/film/195563/,1408 (2007),1408,01.11.2015,5
5492,https://www.kinopoisk.ru/film/5492/,Вечное сияние чистого разума (2004),Eternal Sunshine of the Spotless Mind,20.10.2015,10
762833,https://www.kinopoisk.ru/film/762833/,Игра на выживание (2014),Beyond the Reach,17.09.2015,8
749540,https://www.kinopoisk.ru/film/749540/,Kingsman: Секретная служба (2015),Kingsman: The Secret Service,30.08.2015,9
893218,https://www.kinopoisk.ru/film/893218/,Крым. Путь на Родину (2015), ,24.08.2015,8
762373,https://www.kinopoisk.ru/series/762373/,"Орёл и решка (сериал, 2011)", ,21.08.2015,8
505966,https://www.kinopoisk.ru/film/505966/,Восхождение Юпитер (2015),Jupiter Ascending,17.08.2015,2
252063,https://www.kinopoisk.ru/film/252063/,Питер FM (2006), ,24.07.2015,6
450213,https://www.kinopoisk.ru/film/450213/,Невидимая сторона (2009),The Blind Side,22.07.2015,9
566387,https://www.kinopoisk.ru/film/566387/,21 и больше (2013),21 & Over,16.07.2015,2
677880,https://www.kinopoisk.ru/film/677880/,Va-банк (2013),Runner Runner,11.07.2015,5
680824,https://www.kinopoisk.ru/film/680824/,Фокус (2014),Focus,04.07.2015,9
46789,https://www.kinopoisk.ru/film/46789/,12 стульев (1971), ,10.06.2015,10
824954,https://www.kinopoisk.ru/film/824954/,Кунг Фьюри (2015),Kung Fury,07.06.2015,8
461206,https://www.kinopoisk.ru/film/461206/,Черепашки-ниндзя (2014),Teenage Mutant Ninja Turtles,31.05.2015,8
338,https://www.kinopoisk.ru/film/338/,Звёздные войны: Эпизод 5 – Империя наносит ответный удар (1980),Star Wars: Episode V - The Empire Strikes Back,07.05.2015,7
333,https://www.kinopoisk.ru/film/333/,Звёздные войны: Эпизод 4 – Новая надежда (1977),Star Wars,05.05.2015,8
743392,https://www.kinopoisk.ru/film/743392/,Молода и прекрасна (2013),Jeune & jolie,27.04.2015,8
635772,https://www.kinopoisk.ru/film/635772/,Игра в имитацию (2014),The Imitation Game,23.02.2015,7
689066,https://www.kinopoisk.ru/film/689066/,Стражи Галактики (2014),Guardians of the Galaxy,04.02.2015,8
70952,https://www.kinopoisk.ru/film/70952/,72 метра (2004), ,04.02.2015,8
722827,https://www.kinopoisk.ru/film/722827/,Бёрдмэн (2014),Birdman or (The Unexpected Virtue of Ignorance),03.02.2015,9
597687,https://www.kinopoisk.ru/film/597687/,Люди Икс: Дни минувшего будущего (2014),X-Men: Days of Future Past,12.01.2015,8
692861,https://www.kinopoisk.ru/film/692861/,Исчезнувшая (2014),Gone Girl,10.01.2015,6
596001,https://www.kinopoisk.ru/film/596001/,Ной (2014),Noah,08.01.2015,4
423210,https://www.kinopoisk.ru/film/423210/,Три идиота (2009),3 Idiots,07.01.2015,8
502733,https://www.kinopoisk.ru/film/502733/,О чём ещё говорят мужчины (2011), ,05.01.2015,3
259931,https://www.kinopoisk.ru/film/259931/,Курск: Субмарина в мутной воде (2004),Koursk: Un sous-marin en eaux troubles,05.01.2015,8
749507,https://www.kinopoisk.ru/film/749507/,Пирамида (2014),The Pyramid,13.12.2014,6
463686,https://www.kinopoisk.ru/film/463686/,План побега (2013),Escape Plan,09.11.2014,5
260991,https://www.kinopoisk.ru/film/260991/,Годзилла (2014),Godzilla,02.11.2014,4
672899,https://www.kinopoisk.ru/film/672899/,Мачо и ботан 2 (2014),22 Jump Street,25.10.2014,8
606646,https://www.kinopoisk.ru/film/606646/,12 лет рабства (2013),12 Years a Slave,04.10.2014,8
595938,https://www.kinopoisk.ru/film/595938/,Тор 2: Царство тьмы (2013),Thor: The Dark World,28.09.2014,3
780451,https://www.kinopoisk.ru/film/780451/,Несносный дед (2013),Bad Grandpa,07.09.2014,9
602409,https://www.kinopoisk.ru/film/602409/,Новый Человек-паук: Высокое напряжение (2014),The Amazing Spider-Man 2,03.09.2014,7
592203,https://www.kinopoisk.ru/film/592203/,Экипаж (2012),Flight,26.08.2014,8
104901,https://www.kinopoisk.ru/film/104901/,Хитмэн (2007),Hitman,24.08.2014,2
77454,https://www.kinopoisk.ru/film/77454/,Правила съема: Метод Хитча (2005),Hitch,21.08.2014,7
195524,https://www.kinopoisk.ru/film/195524/,Я – легенда (2007),I Am Legend,20.08.2014,9
258885,https://www.kinopoisk.ru/film/258885/,Пока не сыграл в ящик (2007),The Bucket List,19.08.2014,6
760376,https://www.kinopoisk.ru/film/760376/,Хотел бы я быть здесь (2014),Wish I Was Here,15.08.2014,5
681849,https://www.kinopoisk.ru/film/681849/,Лучшее предложение (2012),La migliore offerta,13.08.2014,10
464130,https://www.kinopoisk.ru/film/464130/,Мне бы в небо (2009),Up in the Air,11.08.2014,7
450760,https://www.kinopoisk.ru/film/450760/,Знаки (2008),Signs,02.08.2014,9
679554,https://www.kinopoisk.ru/film/679554/,Всё и сразу (2013), ,02.08.2014,9
795847,https://www.kinopoisk.ru/film/795847/,Кухня в Париже (2014), ,01.08.2014,6
417840,https://www.kinopoisk.ru/film/417840/,Каникулы строгого режима (2009), ,29.07.2014,8
335,https://www.kinopoisk.ru/film/335/,Помни (2000),Memento,11.07.2014,10
635177,https://www.kinopoisk.ru/film/635177/,Афера по-американски (2013),American Hustle,05.07.2014,5
683999,https://www.kinopoisk.ru/film/683999/,Отель «Гранд Будапешт» (2014),The Grand Budapest Hotel,04.07.2014,9
505851,https://www.kinopoisk.ru/film/505851/,Грань будущего (2014),Edge of Tomorrow,19.06.2014,6
666731,https://www.kinopoisk.ru/film/666731/,Страсти Дон Жуана (2013),Don Jon,17.06.2014,6
470185,https://www.kinopoisk.ru/film/470185/,Обливион (2013),Oblivion,13.06.2014,10
468571,https://www.kinopoisk.ru/film/468571/,Starперцы (2013),Last Vegas,09.06.2014,4
461934,https://www.kinopoisk.ru/film/461934/,"Я, Франкенштейн (2013)","I, Frankenstein",01.06.2014,7
468102,https://www.kinopoisk.ru/film/468102/,О чём говорят мужчины (2010), ,10.05.2014,7
546915,https://www.kinopoisk.ru/film/546915/,Тихоокеанский рубеж (2013),Pacific Rim,03.04.2014,3
591789,https://www.kinopoisk.ru/film/591789/,Философы: Урок выживания (2013),After the Dark,01.04.2014,3
806273,https://www.kinopoisk.ru/film/806273/,Господин Иллюминатор (2013),Mr Hublot,24.03.2014,6
273302,https://www.kinopoisk.ru/film/273302/,Мгла (2007),The Mist,17.03.2014,7
468466,https://www.kinopoisk.ru/film/468466/,Гравитация (2013),Gravity,09.03.2014,5
416183,https://www.kinopoisk.ru/film/416183/,РобоКоп (2014),RoboCop,24.02.2014,5
586397,https://www.kinopoisk.ru/film/586397/,Джанго освобожденный (2012),Django Unchained,15.02.2014,8
462682,https://www.kinopoisk.ru/film/462682/,Волк с Уолл-стрит (2013),The Wolf of Wall Street,12.02.2014,6
489439,https://www.kinopoisk.ru/film/489439/,Возвращение героя (2013),The Last Stand,08.02.2014,5
40775,https://www.kinopoisk.ru/film/40775/,Турецкий гамбит (2005), ,05.02.2014,6
675649,https://www.kinopoisk.ru/film/675649/,Штурм Белого дома (2013),White House Down,02.02.2014,5
462454,https://www.kinopoisk.ru/film/462454/,Призрачный патруль (2013),R.I.P.D.,23.01.2014,4
652659,https://www.kinopoisk.ru/film/652659/,Ёлки 3 (2013), ,23.01.2014,8
662596,https://www.kinopoisk.ru/film/662596/,Бойфренд из будущего (2013),About Time,06.01.2014,10
596227,https://www.kinopoisk.ru/film/596227/,Кровью и потом: Анаболики (2013),Pain & Gain,02.01.2014,9
600847,https://www.kinopoisk.ru/film/600847/,Мальчишник: Часть III (2013),The Hangover Part III,01.01.2014,5
577285,https://www.kinopoisk.ru/film/577285/,После нашей эры (2013),After Earth,01.01.2014,6
252667,https://www.kinopoisk.ru/film/252667/,Человек из стали (2013),Man of Steel,15.12.2013,5
745274,https://www.kinopoisk.ru/film/745274/,Остров везения (2013), ,14.12.2013,4
653696,https://www.kinopoisk.ru/film/653696/,Географ глобус пропил (2013), ,26.11.2013,8
77435,https://www.kinopoisk.ru/film/77435/,Скафандр и бабочка (2007),Le scaphandre et le papillon,23.11.2013,8
463724,https://www.kinopoisk.ru/film/463724/,Великий Гэтсби (2013),The Great Gatsby,04.11.2013,10
282491,https://www.kinopoisk.ru/film/282491/,Подтверждение (2007),Validation,11.10.2013,8
432725,https://www.kinopoisk.ru/film/432725/,Муви 43 (2013),Movie 43,30.09.2013,5
677798,https://www.kinopoisk.ru/film/677798/,Джобс: Империя соблазна (2013),Jobs,29.09.2013,5
582170,https://www.kinopoisk.ru/film/582170/,Мы – Миллеры (2013),We're the Millers,17.09.2013,8
636356,https://www.kinopoisk.ru/film/636356/,На Байкал (2011), ,20.08.2013,7
679550,https://www.kinopoisk.ru/film/679550/,Дублёр (2012), ,18.08.2013,5
542600,https://www.kinopoisk.ru/film/542600/,Соблазнитель (2010),Kokowääh,11.08.2013,7
651645,https://www.kinopoisk.ru/series/651645/,"Люди Хэ (сериал, 2011 – 2013)", ,07.08.2013,8
427542,https://www.kinopoisk.ru/film/427542/,Инопланетное вторжение: Битва за Лос-Анджелес (2011),Battle: Los Angeles,07.08.2013,7
280176,https://www.kinopoisk.ru/film/280176/,"День, когда Земля остановилась (2008)",The Day the Earth Stood Still,31.07.2013,3
462938,https://www.kinopoisk.ru/film/462938/,Мой парень – псих (2012),Silver Linings Playbook,12.07.2013,6
417583,https://www.kinopoisk.ru/film/417583/,Джек Ричер (2012),Jack Reacher,11.07.2013,8
521689,https://www.kinopoisk.ru/film/521689/,Метро (2012), ,10.07.2013,7
577673,https://www.kinopoisk.ru/film/577673/,Место под соснами (2012),The Place Beyond the Pines,06.07.2013,9
489415,https://www.kinopoisk.ru/film/489415/,Срочная доставка (2012),Premium Rush,02.07.2013,5
522892,https://www.kinopoisk.ru/film/522892/,Иллюзия обмана (2013),Now You See Me,01.07.2013,9
559242,https://www.kinopoisk.ru/film/559242/,Хроника (2012),Chronicle,25.06.2013,8
506005,https://www.kinopoisk.ru/film/506005/,Оз: Великий и Ужасный (2013),Oz the Great and Powerful,21.06.2013,5
766592,https://www.kinopoisk.ru/film/766592/,Человек-улыбка (2013),The Smile Man,21.06.2013,7
37547,https://www.kinopoisk.ru/film/37547/,Наркоз (2007),Awake,04.05.2013,9
277537,https://www.kinopoisk.ru/series/277537/,"Декстер (сериал, 2006 – 2013)",Dexter,04.05.2013,9
462762,https://www.kinopoisk.ru/film/462762/,Железный человек 3 (2013),Iron Man Three,03.05.2013,6
77444,https://www.kinopoisk.ru/film/77444/,Хулиганы (2005),Hooligans,03.05.2013,10
523248,https://www.kinopoisk.ru/film/523248/,Хорошо быть тихоней (2012),The Perks of Being a Wallflower,24.03.2013,9
406148,https://www.kinopoisk.ru/series/406148/,"Тетрадь смерти (сериал, 2006 – 2007)",Desu noto,06.03.2013,6
395787,https://www.kinopoisk.ru/film/395787/,Семь жизней (2008),Seven Pounds,22.02.2013,10
5129,https://www.kinopoisk.ru/film/5129/,Американский пирог (1999),American Pie,10.02.2013,7
196748,https://www.kinopoisk.ru/film/196748/,Лузеры (2010),The Losers,09.02.2013,7
870,https://www.kinopoisk.ru/film/870/,Ванильное небо (2001),Vanilla Sky,07.02.2013,9
497077,https://www.kinopoisk.ru/film/497077/,Тепло наших тел (2013),Warm Bodies,07.02.2013,9
687595,https://www.kinopoisk.ru/series/687595/,"Кухня (сериал, 2012 – 2016)", ,05.02.2013,7
542581,https://www.kinopoisk.ru/film/542581/,Неадекватные люди (2010), ,28.01.2013,7
413080,https://www.kinopoisk.ru/film/413080/,Мачо и ботан (2012),21 Jump Street,26.01.2013,7
86573,https://www.kinopoisk.ru/film/86573/,Невидимый (2007),The Invisible,08.01.2013,3
276295,https://www.kinopoisk.ru/film/276295/,Залечь на дно в Брюгге (2007),In Bruges,06.01.2013,10
261363,https://www.kinopoisk.ru/film/261363/,SuperПерцы (2007),Superbad,06.01.2013,6
706,https://www.kinopoisk.ru/film/706/,Я – Сэм (2001),I Am Sam,05.01.2013,8
437410,https://www.kinopoisk.ru/film/437410/,Темный рыцарь: Возрождение легенды (2012),The Dark Knight Rises,04.01.2013,10
81584,https://www.kinopoisk.ru/film/81584/,Босиком по мостовой (2005),Barfuss,03.01.2013,9
466844,https://www.kinopoisk.ru/film/466844/,Морской бой (2012),Battleship,01.01.2013,4
419875,https://www.kinopoisk.ru/film/419875/,Разменная монета: Второе издание (2005),Loose Change: Second Edition,01.01.2013,9
394455,https://www.kinopoisk.ru/film/394455/,Бой без правил (2009),Fighting,30.12.2012,3
61439,https://www.kinopoisk.ru/film/61439/,Знакомство с Факерами (2004),Meet the Fockers,27.12.2012,6
462884,https://www.kinopoisk.ru/film/462884/,Папа-досвидос (2012),That's My Boy,23.12.2012,3
453374,https://www.kinopoisk.ru/film/453374/,Вспомнить всё (2012),Total Recall,16.12.2012,5
530,https://www.kinopoisk.ru/film/530/,Игры разума (2001),A Beautiful Mind,14.12.2012,10
259876,https://www.kinopoisk.ru/film/259876/,Особо опасен (2008),Wanted,13.12.2012,7
471587,https://www.kinopoisk.ru/film/471587/,Хочу как ты (2011),The Change-Up,02.12.2012,6
324,https://www.kinopoisk.ru/film/324/,"Поймай меня, если сможешь (2002)",Catch Me If You Can,02.12.2012,9
451190,https://www.kinopoisk.ru/film/451190/,Олимпиус Инферно (2009), ,24.11.2012,6
692309,https://www.kinopoisk.ru/film/692309/,Halo 4: Идущий к рассвету (2012),Halo 4: Forward Unto Dawn,23.11.2012,7
271748,https://www.kinopoisk.ru/series/271748/,"Герои (сериал, 2006 – 2010)",Heroes,23.11.2012,8
464282,https://www.kinopoisk.ru/film/464282/,Впритык (2010),Due Date,23.11.2012,7
311268,https://www.kinopoisk.ru/film/311268/,Никогда не сдавайся (2008),Never Back Down,21.11.2012,8
409372,https://www.kinopoisk.ru/film/409372/,500 дней лета (2009),(500) Days of Summer,15.11.2012,9
390738,https://www.kinopoisk.ru/film/390738/,Прости за любовь (2008),Scusa ma ti chiamo amore,13.11.2012,6
416824,https://www.kinopoisk.ru/film/416824/,Рок-волна (2009),The Boat That Rocked,11.11.2012,7
493992,https://www.kinopoisk.ru/film/493992/,Эта дурацкая любовь (2011),"Crazy, Stupid, Love.",09.11.2012,8
464484,https://www.kinopoisk.ru/film/464484/,Облачный атлас (2012),Cloud Atlas,05.11.2012,10
467099,https://www.kinopoisk.ru/film/467099/,Прометей (2012),Prometheus,04.11.2012,8
655800,https://www.kinopoisk.ru/series/655800/,"Черное зеркало (сериал, 2011 – 2019)",Black Mirror,04.11.2012,9
455773,https://www.kinopoisk.ru/film/455773/,Люди в черном 3 (2012),Men in Black 3,30.10.2012,9
408871,https://www.kinopoisk.ru/film/408871/,007: Координаты «Скайфолл» (2012),Skyfall,28.10.2012,7
278217,https://www.kinopoisk.ru/film/278217/,Новый Человек-паук (2012),The Amazing Spider-Man,24.10.2012,8
374718,https://www.kinopoisk.ru/film/374718/,Монстро (2007),Cloverfield,06.09.2012,8
507817,https://www.kinopoisk.ru/film/507817/,Третий лишний (2012),Ted,08.08.2012,7
603616,https://www.kinopoisk.ru/film/603616/,Три метра над уровнем неба: Я тебя хочу (2012),Tengo ganas de ti,08.08.2012,6
5090,https://www.kinopoisk.ru/film/5090/,Евротур (2004),EuroTrip,10.07.2012,9
398624,https://www.kinopoisk.ru/film/398624/,Секс-драйв (2008),Sex Drive,10.07.2012,7
523362,https://www.kinopoisk.ru/film/523362/,Три метра над уровнем неба (2010),Tres metros sobre el cielo,07.07.2012,9
89515,https://www.kinopoisk.ru/film/89515/,Гарри Поттер и Принц-полукровка (2009),Harry Potter and the Half-Blood Prince,06.07.2012,8
474953,https://www.kinopoisk.ru/film/474953/,Шерлок Холмс: Игра теней (2011),Sherlock Holmes: A Game of Shadows,06.07.2012,6
507440,https://www.kinopoisk.ru/film/507440/,Проект X: Дорвались (2012),Project X,03.07.2012,9
535341,https://www.kinopoisk.ru/film/535341/,1+1 (2011),Intouchables,26.06.2012,10
463577,https://www.kinopoisk.ru/film/463577/,Пингвины мистера Поппера (2011),Mr. Popper's Penguins,15.05.2012,7
367,https://www.kinopoisk.ru/film/367/,Реквием по мечте (2000),Requiem for a Dream,08.05.2012,8
263531,https://www.kinopoisk.ru/film/263531/,Мстители (2012),The Avengers,08.05.2012,9
507169,https://www.kinopoisk.ru/film/507169/,Туман (2010), ,06.05.2012,8
402550,https://www.kinopoisk.ru/film/402550/,"Я люблю тебя, Филлип Моррис (2008)",I Love You Phillip Morris,05.05.2012,9
406175,https://www.kinopoisk.ru/film/406175/,Иван Царевич и Серый Волк (2011), ,03.05.2012,8
257774,https://www.kinopoisk.ru/film/257774/,Обитаемый остров (2008), ,11.04.2012,5
462548,https://www.kinopoisk.ru/film/462548/,"Шпион, выйди вон! (2011)",Tinker Tailor Soldier Spy,11.04.2012,8
565158,https://www.kinopoisk.ru/film/565158/,Август. Восьмого (2012), ,07.04.2012,4
491724,https://www.kinopoisk.ru/film/491724/,Девушка с татуировкой дракона (2011),The Girl with the Dragon Tattoo,31.03.2012,10
9544,https://www.kinopoisk.ru/film/9544/,Крепкий орешек 4.0 (2007),Live Free or Die Hard,13.02.2012,8
195615,https://www.kinopoisk.ru/film/195615/,Механик (2010),The Mechanic,10.02.2012,7
428134,https://www.kinopoisk.ru/film/428134/,Звуки шума (2010),Sound of Noise,05.02.2012,8
501293,https://www.kinopoisk.ru/film/501293/,Погоня (2011),Abduction,30.01.2012,6
460523,https://www.kinopoisk.ru/film/460523/,Хищники (2010),Predators,30.01.2012,7
355,https://www.kinopoisk.ru/film/355/,Пианист (2002),The Pianist,30.01.2012,10
573817,https://www.kinopoisk.ru/film/573817/,Ёлки 2 (2011), ,28.01.2012,10
102611,https://www.kinopoisk.ru/film/102611/,10 000 лет до н.э. (2008),"10,000 BC",27.01.2012,6
88198,https://www.kinopoisk.ru/film/88198/,Живая сталь (2011),Real Steel,25.01.2012,8
507676,https://www.kinopoisk.ru/film/507676/,Агент Джонни Инглиш: Перезагрузка (2011),Johnny English Reborn,24.01.2012,9
278208,https://www.kinopoisk.ru/film/278208/,Солдаты неудачи (2008),Tropic Thunder,20.01.2012,10
14339,https://www.kinopoisk.ru/film/14339/,Такси 3 (2003),Taxi 3,18.01.2012,7
854,https://www.kinopoisk.ru/film/854/,Такси 2 (2000),Taxi 2,15.01.2012,6
14349,https://www.kinopoisk.ru/film/14349/,Такси (1998),Taxi,14.01.2012,8
506349,https://www.kinopoisk.ru/film/506349/,Пункт назначения 5 (2011),Final Destination 5,09.01.2012,7
455188,https://www.kinopoisk.ru/film/455188/,Рыцарь дня (2010),Knight and Day,07.01.2012,9
522094,https://www.kinopoisk.ru/film/522094/,Вампирский засос (2010),Vampires Suck,05.01.2012,4
432791,https://www.kinopoisk.ru/film/432791/,"Человек, который изменил всё (2011)",Moneyball,05.01.2012,10
258054,https://www.kinopoisk.ru/series/258054/,"Американский папаша (сериал, 2005 – ...)",American Dad!,04.01.2012,4
161252,https://www.kinopoisk.ru/series/161252/,"Южный Парк (сериал, 1997 – ...)",South Park,04.01.2012,8
81961,https://www.kinopoisk.ru/film/81961/,Ковбои против пришельцев (2011),Cowboys & Aliens,03.01.2012,5
258759,https://www.kinopoisk.ru/film/258759/,Пастырь (2011),Priest,02.01.2012,7
81041,https://www.kinopoisk.ru/film/81041/,Алеша Попович и Тугарин Змей (2004), ,01.01.2012,9
517433,https://www.kinopoisk.ru/film/517433/,Супер 8 (2011),Super 8,25.12.2011,4
84674,https://www.kinopoisk.ru/film/84674/,9 рота (2005), ,24.12.2011,7
321845,https://www.kinopoisk.ru/film/321845/,Кандагар (2009), ,24.12.2011,8
407636,https://www.kinopoisk.ru/film/407636/,Гарри Поттер и Дары Смерти: Часть II (2011),Harry Potter and the Deathly Hallows: Part 2,23.12.2011,10
465673,https://www.kinopoisk.ru/film/465673/,Очень плохая училка (2011),Bad Teacher,18.12.2011,7
427198,https://www.kinopoisk.ru/film/427198/,Социальная сеть (2010),The Social Network,18.12.2011,10
470179,https://www.kinopoisk.ru/film/470179/,Красная Шапочка (2011),Red Riding Hood,18.12.2011,6
517988,https://www.kinopoisk.ru/film/517988/,Время (2011),In Time,18.12.2011,7
257401,https://www.kinopoisk.ru/film/257401/,Ангелы и Демоны (2009),Angels & Demons,17.12.2011,9
420923,https://www.kinopoisk.ru/film/420923/,Шерлок Холмс (2009),Sherlock Holmes,17.12.2011,9
77711,https://www.kinopoisk.ru/film/77711/,Код Да Винчи (2006),The Da Vinci Code,17.12.2011,8
160946,https://www.kinopoisk.ru/film/160946/,Первый мститель (2011),Captain America: The First Avenger,15.12.2011,5
401177,https://www.kinopoisk.ru/film/401177/,Сумерки (2008),Twilight,11.12.2011,5
41109,https://www.kinopoisk.ru/film/41109/,Сёстры (2001), ,11.12.2011,8
5908,https://www.kinopoisk.ru/film/5908/,Кинг Конг (2005),King Kong,11.12.2011,9
463738,https://www.kinopoisk.ru/film/463738/,Восстание планеты обезьян (2011),Rise of the Planet of the Apes,11.12.2011,8
501998,https://www.kinopoisk.ru/series/501998/,"Интерны (сериал, 2010 – 2016)", ,10.12.2011,8
38905,https://www.kinopoisk.ru/film/38905/,Чарли и шоколадная фабрика (2005),Charlie and the Chocolate Factory,10.12.2011,6
63991,https://www.kinopoisk.ru/film/63991/,Пираты Карибского моря: Сундук мертвеца (2006),Pirates of the Caribbean: Dead Man's Chest,10.12.2011,9
102124,https://www.kinopoisk.ru/film/102124/,Пираты Карибского моря: На краю света (2007),Pirates of the Caribbean: At World's End,10.12.2011,10
9691,https://www.kinopoisk.ru/film/9691/,Бесславные ублюдки (2009),Inglourious Basterds,10.12.2011,7
455338,https://www.kinopoisk.ru/film/455338/,Мальчишник 2: Из Вегаса в Бангкок (2011),The Hangover Part II,10.12.2011,10
102146,https://www.kinopoisk.ru/film/102146/,Кот в сапогах (2011),Puss in Boots,10.12.2011,8
496943,https://www.kinopoisk.ru/film/496943/,Форсаж 5 (2011),Fast Five,08.10.2011,6
406294,https://www.kinopoisk.ru/film/406294/,Зеленый Фонарь (2011),Green Lantern,02.10.2011,5
81885,https://www.kinopoisk.ru/film/81885/,D.O.A.: Живым или мертвым (2006),DOA: Dead or Alive,25.09.2011,8
258941,https://www.kinopoisk.ru/film/258941/,Тор (2011),Thor,12.09.2011,6
408410,https://www.kinopoisk.ru/film/408410/,Гран Торино (2008),Gran Torino,27.07.2011,10
274730,https://www.kinopoisk.ru/film/274730/,Ларго Винч: Начало (2008),Largo Winch,26.07.2011,7
102151,https://www.kinopoisk.ru/film/102151/,Хэнкок (2008),Hancock,26.07.2011,8
484878,https://www.kinopoisk.ru/film/484878/,127 часов (2010),127 Hours,24.07.2011,10
413362,https://www.kinopoisk.ru/film/413362/,Миллионер из трущоб (2008),Slumdog Millionaire,22.07.2011,9
404510,https://www.kinopoisk.ru/film/404510/,Тело Дженнифер (2009),Jennifer's Body,21.07.2011,5
341,https://www.kinopoisk.ru/film/341/,Амели (2001),Le Fabuleux destin d'Amélie Poulain,21.07.2011,10
258475,https://www.kinopoisk.ru/film/258475/,Квант милосердия (2008),Quantum of Solace,19.07.2011,9
49844,https://www.kinopoisk.ru/film/49844/,Казино Рояль (2006),Casino Royale,19.07.2011,9
460589,https://www.kinopoisk.ru/series/460589/,"Прожекторперисхилтон (сериал, 2008 – 2017)", ,19.07.2011,9
406408,https://www.kinopoisk.ru/film/406408/,Законопослушный гражданин (2009),Law Abiding Citizen,19.07.2011,9
4541,https://www.kinopoisk.ru/film/4541/,Шоу Трумана (1998),The Truman Show,19.07.2011,10
485311,https://www.kinopoisk.ru/film/485311/,Король говорит! (2010),The King's Speech,19.07.2011,10
412248,https://www.kinopoisk.ru/film/412248/,"Все умрут, а я останусь (2008)", ,17.07.2011,4
493098,https://www.kinopoisk.ru/series/493098/,"Школа (сериал, 2010)", ,17.07.2011,9
86208,https://www.kinopoisk.ru/film/86208/,«V» значит Вендетта (2006),V for Vendetta,16.07.2011,9
255380,https://www.kinopoisk.ru/film/255380/,Невероятный Халк (2008),The Incredible Hulk,15.07.2011,7
1796,https://www.kinopoisk.ru/film/1796/,Дюплекс (2003),Duplex,15.07.2011,8
61249,https://www.kinopoisk.ru/film/61249/,Тачки (2006),Cars,15.07.2011,9
258328,https://www.kinopoisk.ru/film/258328/,История игрушек: Большой побег (2010),Toy Story 3,15.07.2011,8
2213,https://www.kinopoisk.ru/film/2213/,Титаник (1997),Titanic,15.07.2011,9
81555,https://www.kinopoisk.ru/film/81555/,Загадочная история Бенджамина Баттона (2008),The Curious Case of Benjamin Button,15.07.2011,9
402626,https://www.kinopoisk.ru/film/402626/,Чудаки 3D (2010),Jackass 3D,15.07.2011,6
220589,https://www.kinopoisk.ru/film/220589/,Телепорт (2008),Jumper,15.07.2011,9
86193,https://www.kinopoisk.ru/series/86193/,"Тайны Смолвиля (сериал, 2001 – 2011)",Smallville,15.07.2011,9
104122,https://www.kinopoisk.ru/series/104122/,"Остаться в живых (сериал, 2004 – 2010)",Lost,15.07.2011,8
445124,https://www.kinopoisk.ru/series/445124/,"Разрушители легенд (сериал, 2003 – 2018)",MythBusters,15.07.2011,9
471460,https://www.kinopoisk.ru/film/471460/,По контуру лица (2008), ,15.07.2011,9
84830,https://www.kinopoisk.ru/film/84830/,Жмурки (2005), ,15.07.2011,7
57166,https://www.kinopoisk.ru/film/57166/,Бумер (2003), ,15.07.2011,9
3948,https://www.kinopoisk.ru/film/3948/,Призрачный гонщик (2007),Ghost Rider,14.07.2011,7
467553,https://www.kinopoisk.ru/film/467553/,Мачете (2010),Machete,14.07.2011,8
5185,https://www.kinopoisk.ru/film/5185/,Тупой и еще тупее (1994),Dumb and Dumber,14.07.2011,10
432724,https://www.kinopoisk.ru/film/432724/,Гадкий я (2010),Despicable Me,14.07.2011,5
3491,https://www.kinopoisk.ru/film/3491/,Ван Хельсинг (2004),Van Helsing,13.07.2011,7
426002,https://www.kinopoisk.ru/film/426002/,Легион (2010),Legion,13.07.2011,5
427855,https://www.kinopoisk.ru/film/427855/,Пол: Секретный материальчик (2011),Paul,12.07.2011,9
103785,https://www.kinopoisk.ru/film/103785/,Не пойман – не вор (2006),Inside Man,11.07.2011,9
470656,https://www.kinopoisk.ru/film/470656/,Погребенный заживо (2010),Buried,11.07.2011,10
395690,https://www.kinopoisk.ru/film/395690/,Стиляги (2008), ,09.07.2011,9
668,https://www.kinopoisk.ru/film/668/,Пункт назначения (2000),Final Destination,09.07.2011,10
669,https://www.kinopoisk.ru/film/669/,Пункт назначения 2 (2003),Final Destination 2,09.07.2011,9
89674,https://www.kinopoisk.ru/film/89674/,Пункт назначения 3 (2006),Final Destination 3,09.07.2011,6
405753,https://www.kinopoisk.ru/film/405753/,Пункт назначения 4 (2009),The Final Destination,09.07.2011,6
462358,https://www.kinopoisk.ru/film/462358/,Люди Икс: Первый класс (2011),X-Men: First Class,08.07.2011,8
389,https://www.kinopoisk.ru/film/389/,Леон (1994),Léon,08.07.2011,10
279102,https://www.kinopoisk.ru/film/279102/,ВАЛЛ·И (2008),WALL·E,08.07.2011,10
79883,https://www.kinopoisk.ru/film/79883/,Бумер: Фильм второй (2006), ,08.07.2011,7
41520,https://www.kinopoisk.ru/film/41520/,Брат 2 (2000), ,08.07.2011,10
41519,https://www.kinopoisk.ru/film/41519/,Брат (1997), ,08.07.2011,10
382,https://www.kinopoisk.ru/film/382/,Американская история X (1998),American History X,08.07.2011,10
361,https://www.kinopoisk.ru/film/361/,Бойцовский клуб (1999),Fight Club,08.07.2011,10
448,https://www.kinopoisk.ru/film/448/,Форрест Гамп (1994),Forrest Gump,08.07.2011,10
435,https://www.kinopoisk.ru/film/435/,Зеленая миля (1999),The Green Mile,08.07.2011,10
432550,https://www.kinopoisk.ru/film/432550/,Неудержимые (2010),The Expendables,08.07.2011,8
452765,https://www.kinopoisk.ru/series/452765/,"Даёшь молодёжь! (сериал, 2009 – 2013)", ,03.07.2011,8
412173,https://www.kinopoisk.ru/series/412173/,"Наша Russia (сериал, 2006 – 2011)", ,03.07.2011,7
460576,https://www.kinopoisk.ru/series/460576/,"Большая разница (сериал, 2008 – 2014)", ,03.07.2011,8
471505,https://www.kinopoisk.ru/series/471505/,"Comedy Club (сериал, 2005 – ...)", ,03.07.2011,4
405644,https://www.kinopoisk.ru/series/405644/,"КВН. Высшая лига (сериал, 1961 – ...)", ,03.07.2011,10
469787,https://www.kinopoisk.ru/film/469787/,00:10 (2009), ,03.07.2011,10
260999,https://www.kinopoisk.ru/film/260999/,Битва Титанов (2010),Clash of the Titans,03.07.2011,8
81924,https://www.kinopoisk.ru/film/81924/,300 спартанцев (2007),300,03.07.2011,9
77443,https://www.kinopoisk.ru/film/77443/,Город грехов (2005),Sin City,03.07.2011,10
397496,https://www.kinopoisk.ru/film/397496/,Бросок кобры (2009),G.I. Joe: The Rise of Cobra,29.06.2011,6
61237,https://www.kinopoisk.ru/film/61237/,Железный человек (2008),Iron Man,29.06.2011,8
160932,https://www.kinopoisk.ru/film/160932/,Терминатор: Да придёт спаситель (2009),Terminator Salvation,28.06.2011,7
373391,https://www.kinopoisk.ru/film/373391/,Трансформеры: Месть падших (2009),Transformers: Revenge of the Fallen,28.06.2011,6
411924,https://www.kinopoisk.ru/film/411924/,Железный человек 2 (2010),Iron Man 2,28.06.2011,8
111543,https://www.kinopoisk.ru/film/111543/,Темный рыцарь (2008),The Dark Knight,28.06.2011,9
104904,https://www.kinopoisk.ru/film/104904/,Люди Икс: Начало. Росомаха (2009),X-Men Origins: Wolverine,28.06.2011,9
81288,https://www.kinopoisk.ru/film/81288/,Трансформеры (2007),Transformers,28.06.2011,9
468551,https://www.kinopoisk.ru/film/468551/,Ханна. Совершенное оружие (2010),Hanna,28.06.2011,5
309475,https://www.kinopoisk.ru/film/309475/,Операция «Валькирия» (2008),Valkyrie,27.06.2011,10
102198,https://www.kinopoisk.ru/film/102198/,Иллюзионист (2005),The Illusionist,18.06.2011,10
418761,https://www.kinopoisk.ru/film/418761/,Джона Хекс (2010),Jonah Hex,16.06.2011,3
447301,https://www.kinopoisk.ru/film/447301/,Начало (2010),Inception,10.06.2011,10
87789,https://www.kinopoisk.ru/film/87789/,Пророк (2007),Next,09.06.2011,9
32898,https://www.kinopoisk.ru/film/32898/,Достучаться до небес (1997),Knockin' on Heaven's Door,06.06.2011,10
437555,https://www.kinopoisk.ru/film/437555/,Красавчик 2 (2009),Zweiohrküken,06.06.2011,8
493768,https://www.kinopoisk.ru/film/493768/,Ёлки (2010), ,06.06.2011,8
391766,https://www.kinopoisk.ru/film/391766/,Знакомство со спартанцами (2008),Meet the Spartans,06.06.2011,5
432394,https://www.kinopoisk.ru/film/432394/,ЛОпуХИ: Эпизод первый (2009), ,06.06.2011,3
416089,https://www.kinopoisk.ru/film/416089/,Самый лучший фильм 2 (2009), ,06.06.2011,5
277385,https://www.kinopoisk.ru/film/277385/,Самый лучший фильм (2007), ,06.06.2011,3
195941,https://www.kinopoisk.ru/film/195941/,Супергеройское кино (2008),Superhero Movie,06.06.2011,5
409880,https://www.kinopoisk.ru/film/409880/,Нереальный блокбастер (2008),Disaster Movie,06.06.2011,2
432723,https://www.kinopoisk.ru/film/432723/,Путешествия Гулливера (2010),Gulliver's Travels,05.06.2011,5
413447,https://www.kinopoisk.ru/film/413447/,2012 (2009),2012,05.06.2011,4
102510,https://www.kinopoisk.ru/film/102510/,Знамение (2009),Knowing,05.06.2011,8
105397,https://www.kinopoisk.ru/film/105397/,Пятое измерение (2009),Push,05.06.2011,7
413485,https://www.kinopoisk.ru/film/413485/,Стан Хельсинг (2009),Stan Helsing,03.06.2011,3
427076,https://www.kinopoisk.ru/film/427076/,Пираты Карибского моря: На странных берегах (2011),Pirates of the Caribbean: On Stranger Tides,03.06.2011,10
195394,https://www.kinopoisk.ru/film/195394/,Принц Персии: Пески времени (2010),Prince of Persia: The Sands of Time,02.06.2011,7
468872,https://www.kinopoisk.ru/film/468872/,Я – Четвертый (2011),I Am Number Four,01.06.2011,7
404377,https://www.kinopoisk.ru/film/404377/,Очень русский детектив (2008), ,31.05.2011,4
397494,https://www.kinopoisk.ru/film/397494/,Район №9 (2009),District 9,27.05.2011,9
416090,https://www.kinopoisk.ru/film/416090/,Наша Russia: Яйца судьбы (2010), ,27.05.2011,5
468189,https://www.kinopoisk.ru/film/468189/,Самый лучший фильм 3-ДЭ (2011), ,27.05.2011,5
399959,https://www.kinopoisk.ru/film/399959/,Трон: Наследие (2010),Tron,27.05.2011,6
279850,https://www.kinopoisk.ru/film/279850/,Марли и я (2008),Marley & Me,27.05.2011,8
418794,https://www.kinopoisk.ru/film/418794/,13-й район: Ультиматум (2009),Banlieue 13 Ultimatum,10.05.2011,6
290751,https://www.kinopoisk.ru/film/290751/,Зелёный Шершень (2011),The Green Hornet,08.05.2011,7
81728,https://www.kinopoisk.ru/film/81728/,Морпехи (2005),Jarhead,29.04.2011,6
276762,https://www.kinopoisk.ru/film/276762/,Гарри Поттер и Дары Смерти: Часть I (2010),Harry Potter and the Deathly Hallows: Part 1,15.04.2011,9
405609,https://www.kinopoisk.ru/film/405609/,Алиса в Стране чудес (2010),Alice in Wonderland,23.03.2011,8
417855,https://www.kinopoisk.ru/film/417855/,Повелитель стихий (2010),The Last Airbender,23.03.2011,5
305,https://www.kinopoisk.ru/film/305/,Телефонная будка (2002),Phone Booth,18.03.2011,8
105948,https://www.kinopoisk.ru/film/105948/,Скотт Пилигрим против всех (2010),Scott Pilgrim vs. the World,16.02.2011,5
252641,https://www.kinopoisk.ru/film/252641/,Хранители (2009),Watchmen,16.02.2011,8
419200,https://www.kinopoisk.ru/film/419200/,Пипец (2010),Kick-Ass,16.02.2011,10
474787,https://www.kinopoisk.ru/film/474787/,Глухарь в кино (2010), ,16.02.2011,9
271802,https://www.kinopoisk.ru/film/271802/,Бруно (2009),Brüno,14.02.2011,4
493223,https://www.kinopoisk.ru/film/493223/,Скайлайн (2010),Skyline,30.01.2011,9
391277,https://www.kinopoisk.ru/film/391277/,Потрошители (2009),Repo Men,29.01.2011,7
429836,https://www.kinopoisk.ru/film/429836/,ПоцелуйчИК (2009),Love at First Hiccup,29.01.2011,9
3954,https://www.kinopoisk.ru/film/3954/,Враг государства (1998),Enemy of the State,29.01.2011,7
429739,https://www.kinopoisk.ru/film/429739/,Ученик чародея (2010),The Sorcerer's Apprentice,29.01.2011,3
260526,https://www.kinopoisk.ru/film/260526/,Очень эпическое кино (2007),Epic Movie,23.01.2011,1
279627,https://www.kinopoisk.ru/film/279627/,Красавчик (2007),Keinohrhasen,16.01.2011,10
508161,https://www.kinopoisk.ru/series/508161/,"Ходячие мертвецы (сериал, 2010 – 2022)",The Walking Dead,14.12.2010,10
447284,https://www.kinopoisk.ru/film/447284/,Солт (2010),Salt,09.11.2010,5
81583,https://www.kinopoisk.ru/film/81583/,Фонтан (2006),The Fountain,09.11.2010,9
47382,https://www.kinopoisk.ru/film/47382/,Пиджак (2004),The Jacket,09.11.2010,10
403986,https://www.kinopoisk.ru/film/403986/,Перси Джексон и похититель молний (2010),Percy Jackson & the Olympians: The Lightning Thief,10.08.2010,3
468123,https://www.kinopoisk.ru/film/468123/,Мы из будущего 2 (2010), ,07.08.2010,4
260315,https://www.kinopoisk.ru/film/260315/,Мы из будущего (2008), ,07.08.2010,8
451258,https://www.kinopoisk.ru/film/451258/,На игре 2. Новый уровень (2010), ,07.08.2010,2
424516,https://www.kinopoisk.ru/film/424516/,На игре (2009), ,07.08.2010,5
96452,https://www.kinopoisk.ru/film/96452/,Команда «А» (2010),The A-Team,07.08.2010,10
391772,https://www.kinopoisk.ru/film/391772/,Всегда говори «ДА» (2008),Yes Man,07.08.2010,10
255129,https://www.kinopoisk.ru/film/255129/,Звездный путь (2009),Star Trek,03.04.2010,9
426004,https://www.kinopoisk.ru/film/426004/,Мальчишник в Вегасе (2009),The Hangover,02.04.2010,10
406397,https://www.kinopoisk.ru/film/406397/,Зубная фея (2009),Tooth Fairy,02.04.2010,8
404366,https://www.kinopoisk.ru/film/404366/,Паранормальное явление (2007),Paranormal Activity,02.04.2010,9
102474,https://www.kinopoisk.ru/film/102474/,Борат (2006),Borat: Cultural Learnings of America for Make Benefit Glorious Nation of Kazakhstan,02.04.2010,9
387556,https://www.kinopoisk.ru/film/387556/,Хатико: Самый верный друг (2008),Hachi: A Dog's Tale,02.04.2010,10
427122,https://www.kinopoisk.ru/film/427122/,Добро пожаловать в Zомбилэнд (2009),Zombieland,02.04.2010,10
251733,https://www.kinopoisk.ru/film/251733/,Аватар (2009),Avatar,02.04.2010,9
